v,vw,o,c,h,l,t,n,ticker
584266.0,1368.378,1357.15,1370.68,1373.5099,1351.75,1748836800000,24449,ORLY
464085.0,1367.9361,1364.5,1372.07,1378.09,1352.5,1748923200000,22089,ORLY
306301.0,1367.2775,1372.07,1366.59,1378.5761,1347.51,1749009600000,20597,ORLY
266024.0,1369.0353,1362.94,1371.8,1375.06,1358.86,1749096000000,19838,ORLY
333777.0,1382.6039,1378.78,1377.72,1394.41,1367.375,1749182400000,22045,ORLY
372411.0,1346.7999,1375.0,1348.1,1376.215,1332.3,1749441600000,27503,ORLY
5204007.0,91.2268,90.0,91.71,92.12,89.61,1749528000000,104835,ORLY
5804062.0,90.24,91.71,90.01,91.8716,89.53,1749614400000,92610,ORLY
4604028.0,90.7762,90.05,91.05,91.34,90.0,1749700800000,65598,ORLY
4020387.0,90.1981,90.695,89.91,91.64,89.4,1749787200000,68303,ORLY
6005537.0,88.3375,89.91,88.12,90.2799,87.655,1750046400000,72346,ORLY
5671857.0,88.6622,87.91,88.8,89.58,87.7,1750132800000,57256,ORLY
3862688.0,88.5486,89.18,88.32,89.41,88.09,1750219200000,54435,ORLY
9218846.0,89.2753,88.92,89.69,89.83,88.37,1750392000000,61609,ORLY
5008718.0,90.998,90.01,91.26,91.34,89.93,1750651200000,59838,ORLY
4188305.0,89.36,90.92,89.18,91.3199,88.94,1750737600000,53738,ORLY
4525350.0,88.1226,89.18,87.84,89.36,87.46,1750824000000,55751,ORLY
5528240.0,87.8677,87.93,88.23,88.56,86.94,1750910400000,66518,ORLY
5843825.0,89.0771,88.18,89.16,89.76,87.82,1750996800000,55182,ORLY
5368222.0,89.8433,89.52,90.13,90.35,88.98,1751256000000,60383,ORLY
4547105.0,90.6501,90.26,90.5,91.77,90.17,1751342400000,64206,ORLY
3868557.0,89.4485,90.07,89.32,90.35,88.91,1751428800000,56060,ORLY
3187218.0,90.8706,89.35,91.33,91.49,89.15,1751515200000,46570,ORLY
4637930.0,92.2056,91.1,92.67,92.86,90.77,1751860800000,67281,ORLY
4045944.0,91.6863,92.15,91.64,92.82,90.94,1751947200000,52968,ORLY
4129192.0,92.1977,91.69,92.58,92.74,90.77,1752033600000,53432,ORLY
4635470.0,92.7582,92.21,92.38,93.5,92.21,1752120000000,61153,ORLY
3870989.0,91.5094,92.04,91.62,92.19,90.75,1752206400000,55969,ORLY
35423294.0,201.2063,200.28,201.7,202.13,200.12,1748836800000,501431,AAPL
46381567.0,202.8132,201.35,203.27,203.77,200.955,1748923200000,519820,AAPL
43603985.0,203.6276,202.91,202.82,206.24,202.1,1749009600000,568214,AAPL
55221235.0,201.838,203.5,200.63,204.75,200.15,1749096000000,637645,AAPL
46607693.0,204.0682,203.0,203.92,205.7,202.05,1749182400000,556357,AAPL
72862557.0,202.5405,204.39,201.45,206.0,200.02,1749441600000,860118,AAPL
54672608.0,202.5339,200.6,202.67,204.35,200.57,1749528000000,611323,AAPL
60989857.0,200.4652,203.5,198.78,204.5,198.41,1749614400000,770310,AAPL
43904635.0,198.7007,199.08,199.2,199.68,197.3601,1749700800000,541843,AAPL
51447349.0,197.0361,199.73,196.45,200.37,195.7,1749787200000,716210,AAPL
43020691.0,197.8895,197.3,198.42,198.685,196.5636,1750046400000,568354,AAPL
38856152.0,196.4948,197.2,195.64,198.39,195.21,1750132800000,522902,AAPL
45394689.0,196.4448,195.94,196.58,197.57,195.07,1750219200000,520881,AAPL
96813542.0,199.8096,198.235,201.0,201.7,196.855,1750392000000,680915,AAPL
55814272.0,201.1824,201.625,201.5,202.3,198.96,1750651200000,618980,AAPL
54064033.0,201.4391,202.59,200.3,203.44,200.2,1750737600000,666917,AAPL
39525730.0,201.7923,201.45,201.56,203.67,200.6201,1750824000000,514978,AAPL
50799121.0,200.6328,201.43,201.0,202.64,199.46,1750910400000,622887,AAPL
73188571.0,201.4224,201.89,201.08,203.22,200.0,1750996800000,596078,AAPL
91912816.0,203.3565,202.01,205.17,207.39,199.2607,1751256000000,914593,AAPL
78788867.0,208.176,206.665,207.82,210.1865,206.1401,1751342400000,970491,AAPL
67941811.0,211.7489,208.91,212.44,213.34,208.14,1751428800000,798402,AAPL
34955836.0,213.5582,212.145,213.55,214.65,211.8101,1751515200000,432780,AAPL
50228984.0,211.1605,212.68,209.95,216.23,208.8,1751860800000,670324,AAPL
42848928.0,209.9116,210.1,210.01,211.43,208.45,1751947200000,512140,AAPL
48749367.0,209.5626,209.53,211.14,211.33,207.22,1752033600000,590796,AAPL
44443635.0,212.2489,210.505,212.41,213.48,210.03,1752120000000,545131,AAPL
39765812.0,211.0285,210.565,211.16,212.13,209.86,1752206400000,431665,AAPL
