ticker,spell,adjust_session,adjust_multiplier,date
AAMC,21,1971,0.5882352941176471,2023-11-01
AAON,26,1918,0.6666666666666666,2023-08-17
AAPL,29,1173,0.25,2020-08-31
ABP,60,2473,30.0,2025-11-03
ABTC,65,2639,15.0,2026-07-06
ACB,86,1095,12.0,2020-05-11
ACET,99,2512,16.0,2025-12-30
ACMR,121,1567,0.3333333333333333,2022-03-24
ACON,127,2322,27.0,2025-03-28
ACOR,128,1867,20.0,2023-06-05
ACXP,151,2410,20.0,2025-08-05
ADTX,203,2313,250.0,2025-03-17
ADTX,203,2607,27.0,2026-05-18
ADVM,208,2067,10.0,2024-03-21
AEHL,222,1939,10.0,2023-09-18
AEHL,222,2556,6.0,2026-03-05
AEMD,228,2463,10.0,2025-10-20
AEVA,245,2065,5.0,2024-03-19
AEZS,249,1648,25.0,2022-07-21
AFMD,267,2059,10.0,2024-03-11
AGBA,276,2201,0.5163955589981926,2024-10-02
AGEN,284,2082,20.0,2024-04-12
AGL,294,2574,25.0,2026-03-31
AGMH,298,2367,50.0,2025-06-03
AGRI,307,1956,50.0,2023-10-11
AGRI,307,2246,100.0,2024-12-05
AGRI,307,2404,9.0,2025-07-28
AGRX,309,1590,40.0,2022-04-27
AHT,331,1141,10.0,2020-07-16
AHT,331,2219,10.0,2024-10-28
AIFA,340,2625,6.0,2026-06-12
AIHS,346,2405,10.0,2025-07-29
AIRE,365,2595,25.0,2026-04-30
AKA,383,1949,12.0,2023-10-02
AKAN,385,1807,10.0,2023-03-09
AKAN,385,2232,2.0,2024-11-14
AKER,389,981,24.0,2019-11-25
ALIM,431,975,15.0,2019-11-15
ALIT,433,2637,20.0,2026-07-01
ALNT,454,1341,0.6666666666666666,2021-05-03
ALP,462,2685,50.0,2026-09-09
ALPP,465,1853,8.0,2023-05-15
ALRN,472,1728,20.0,2022-11-11
ALTM,481,1131,20.0,2020-07-01
AMCR,517,2523,5.0,2026-01-15
AMOT,537,1341,0.6666666666666666,2021-05-03
AMRK,552,1618,0.5,2022-06-07
AMWL,573,2143,20.0,2024-07-11
AMZN,575,1617,0.05,2022-06-06
ANET,591,1481,0.25,2021-11-18
ANET,591,2245,0.25,2024-12-04
ANGI,595,2318,10.0,2025-03-24
APEX,642,940,3.0,2019-09-27
APG,645,2386,0.6666666666666666,2025-07-01
APH,649,1301,0.5,2021-03-05
APH,649,2124,0.5,2024-06-12
APH,649,2682,0.5,2026-09-03
APRN,675,868,15.0,2019-06-17
APTO,680,1868,15.0,2023-06-06
APUS,686,2653,10.0,2026-07-24
APVO,687,2245,37.0,2024-12-04
APVO,687,2362,20.0,2025-05-27
APVO,687,2512,18.0,2025-12-30
AQMS,696,2225,20.0,2024-11-05
AQMS,696,2409,10.0,2025-08-04
ARR,763,1949,5.0,2023-10-02
ARVL,775,1832,50.0,2023-04-14
ASBP,794,2524,40.0,2026-01-16
ASBP,794,2602,30.0,2026-05-11
ASNS,809,2484,10.0,2025-11-18
ASRT,819,1352,4.0,2021-05-18
ASST,821,2137,5.0,2024-07-02
ASST,821,2538,20.0,2026-02-06
ASTI,827,2168,100.0,2024-08-15
ATHX,859,1675,25.0,2022-08-29
ATNM,879,1159,30.0,2020-08-11
ATNX,880,1792,20.0,2023-02-15
ATPC,885,2540,50.0,2026-02-10
ATRA,887,2129,25.0,2024-06-20
AULT,918,2022,25.0,2024-01-17
AURE,925,2546,10.0,2026-02-19
AUUD,929,2323,17.0,2025-03-31
AUVI,930,1864,5.0,2023-05-31
AUVI,930,1999,25.0,2023-12-12
AVEO,949,1039,10.0,2020-02-20
AVGO,952,2145,0.1,2024-07-15
AVNW,962,1324,0.5,2021-04-08
AVX,974,2404,9.0,2025-07-28
AVX,974,2626,12.0,2026-06-15
AXLA,1000,1940,25.0,2023-09-19
AZ,1020,2205,2.5,2024-10-08
AZI,1022,2501,50.0,2025-12-12
AZI,1022,2568,10.0,2026-03-23
AZN,1024,2534,2.0,2026-02-02
AZTR,1030,2136,30.0,2024-07-01
BAM,1049,1069,0.6666666666666666,2020-04-02
BARK,1059,2575,20.0,2026-04-01
BBGI,1077,2195,20.0,2024-09-24
BBLG,1082,2005,8.0,2023-12-20
BBSI,1089,2131,0.25,2024-06-24
BBX,1096,1146,5.0,2020-07-23
BCAB,1100,2577,50.0,2026-04-06
BCLI,1117,2200,15.0,2024-10-01
BCTX,1132,2281,15.0,2025-01-29
BDSX,1143,2438,20.0,2025-09-15
BEP,1162,1246,0.6666666666666666,2020-12-14
BEPC,1163,1246,0.6666666666666666,2020-12-14
BETR,1167,2170,50.0,2024-08-19
BETS,1168,1751,15.0,2022-12-15
BGMS,1196,2352,16.0,2025-05-12
BHAT,1207,2313,100.0,2025-03-17
BHAT,1207,2558,50.0,2026-03-09
BHIL,1220,2149,35.0,2024-07-19
BIOR,1251,1762,25.0,2023-01-03
BIP,1256,1622,0.6666666666666666,2022-06-13
BIPC,1257,1622,0.6666666666666666,2022-06-13
BIRD,1259,2182,20.0,2024-09-05
BIVI,1264,2161,10.0,2024-08-06
BIYA,1268,2512,25.0,2025-12-30
BIYA,1268,2644,10.0,2026-07-13
BJDX,1270,2129,8.0,2024-06-20
BJDX,1270,2234,50.0,2024-11-18
BKKT,1282,2093,25.0,2024-04-29
BKNG,1284,2577,0.04,2026-04-06
BKSY,1288,2184,8.0,2024-09-09
BLCM,1297,1030,10.0,2020-02-06
BLMZ,1314,2487,10.0,2025-11-21
BLUE,1329,2252,20.0,2024-12-13
BMGL,1341,2630,12.0,2026-06-22
BMRA,1349,2337,8.0,2025-04-21
BN,1357,2457,0.6666666666666666,2025-10-10
BNAI,1358,2501,10.0,2025-12-12
BNGO,1365,1910,10.0,2023-08-07
BNGO,1365,2279,60.0,2025-01-27
BNKK,1368,2500,35.0,2025-12-11
BNRG,1373,2379,5.0,2025-06-20
BNT,1376,2457,0.6666666666666666,2025-10-10
BNTC,1377,1077,1.5,2020-04-15
BNZI,1379,2601,20.0,2026-05-08
BOLT,1394,2371,20.0,2025-06-09
BON,1395,2357,25.0,2025-05-19
BORR,1399,1498,2.0,2021-12-14
BOXL,1410,2294,5.0,2025-02-18
BPMX,1417,833,25.0,2019-04-26
BRAI,1434,2594,0.3333333333333333,2026-04-29
BRBS,1436,1341,0.6666666666666666,2021-05-03
BREA,1445,2383,10.0,2025-06-26
BRTX,1481,2684,20.0,2026-09-08
BSGM,1496,2034,10.0,2024-02-02
BTAI,1515,2289,16.0,2025-02-10
BTB,1518,1751,15.0,2022-12-15
BTM,1530,2548,7.0,2026-02-23
BVH,1558,1146,5.0,2020-07-23
BYAH,1598,2547,50.0,2026-02-20
BYND,1603,2668,30.0,2026-08-14
BZFD,1611,2098,4.0,2024-05-06
CALC,1645,2679,5.0,2026-08-31
CANG,1653,2650,10.0,2026-07-21
CAPR,1659,860,10.0,2019-06-05
CATX,1692,2127,10.0,2024-06-17
CDIO,1804,2353,30.0,2025-05-13
CDT,1816,2358,15.0,2025-05-20
CDT,1816,2458,8.0,2025-10-13
CDT,1816,2649,10.0,2026-07-20
CDT,1816,2699,25.0,2026-09-29
CDTX,1819,2090,20.0,2024-04-24
CELH,1834,1981,0.3333333333333333,2023-11-15
CELU,1837,2052,10.0,2024-02-29
CERO,1859,2268,100.0,2025-01-08
CERO,1859,2375,20.0,2025-06-13
CETX,1866,2240,35.0,2024-11-26
CETX,1866,2448,15.0,2025-09-29
CFMS,1886,1727,25.0,2022-11-10
CFRX,1891,1028,10.0,2020-02-04
CFRX,1891,1792,80.0,2023-02-15
CGC,1903,2005,10.0,2023-12-20
CGIX,1909,960,30.0,2019-10-25
CGTL,1915,2640,15.0,2026-07-07
CHDN,1928,771,0.3333333333333333,2019-01-28
CHDN,1928,1858,0.5,2023-05-22
CHFS,1937,1207,30.0,2020-10-19
CHR,1960,1988,10.0,2023-11-27
CHR,1960,2508,50.0,2025-12-23
CHSN,1968,2419,80.0,2025-08-18
CIIT,1992,2567,7.0,2026-03-20
CIIT,1992,2649,10.0,2026-07-20
CIM,1993,2110,3.0,2024-05-22
CISS,2004,2264,2.5,2025-01-02
CISS,2004,2592,7.0,2026-04-27
CJET,2016,2473,100.0,2025-11-03
CJJD,2017,2053,20.0,2024-03-01
CLDI,2048,2410,12.0,2025-08-05
CLIR,2061,2563,10.0,2026-03-16
CLMB,2062,2568,0.25,2026-03-23
CLRB,2078,2381,30.0,2025-06-24
CLWT,2090,1525,0.6666666666666666,2022-01-24
CM,2094,1603,0.5,2022-05-16
CMCT,2105,2334,25.0,2025-04-15
CMCT,2105,2571,10.0,2026-03-26
CMCT,2105,2587,10.0,2026-04-20
CMG,2111,2133,0.02,2024-06-26
CMND,2120,2502,40.0,2025-12-15
CMND,2120,2610,10.0,2026-05-21
CNC,2143,779,0.5,2019-02-07
CNEY,2152,2024,30.0,2024-01-19
CNEY,2152,2357,25.0,2025-05-19
CNQ,2171,2123,0.5,2024-06-11
CNSY,2177,2576,25.0,2026-04-02
CODX,2204,2514,30.0,2026-01-02
COGT,2208,1222,4.0,2020-11-09
COKE,2214,2362,0.1,2025-05-27
COMS,2224,1789,100.0,2023-02-10
COO,2228,2045,0.25,2024-02-20
COOK,2229,2565,50.0,2026-03-18
CP,2257,1350,0.2,2021-05-14
CPE,2268,1158,10.0,2020-08-10
CPHI,2274,1804,10.0,2023-03-06
CPHI,2274,2056,5.0,2024-03-06
CPOP,2283,2644,10.0,2026-07-13
CPOP,2283,2688,15.0,2026-09-14
CPRT,2286,1723,0.5,2022-11-04
CPRT,2286,1921,0.5,2023-08-22
CPTN,2295,1943,10.0,2023-09-22
CRE,2320,2543,12.0,2026-02-13
CREG,2323,2398,10.0,2025-07-18
CREX,2325,1819,3.0,2023-03-27
CRIS,2334,2639,20.0,2026-07-06
CRMD,2339,811,5.0,2019-03-26
CRVL,2359,2260,0.3333333333333333,2024-12-26
CRWD,2363,2638,0.25,2026-07-02
CSAI,2369,2658,30.0,2026-07-31
CSGP,2378,1380,0.1,2021-06-28
CSPI,2388,2067,0.5,2024-03-21
CSX,2406,1381,0.3333333333333333,2021-06-29
CTAS,2412,2187,0.25,2024-09-12
CTO,2432,1635,0.3333333333333333,2022-07-01
CTRM,2441,1360,10.0,2021-05-28
CTSO,2447,2684,20.0,2026-09-08
CUZ,2481,868,4.0,2019-06-17
CVEO,2490,1231,12.0,2020-11-20
CVLG,2501,2264,0.5,2025-01-02
CVM,2504,2358,30.0,2025-05-20
CVNA,2505,2601,0.2,2026-05-08
CWD,2526,2346,20.0,2025-05-02
CYCC,2551,2352,16.0,2025-05-12
CYCU,2554,2468,30.0,2025-10-27
CYCU,2554,2678,8.0,2026-08-28
CYN,2557,2139,100.0,2024-07-05
CYTO,2566,2000,20.0,2023-12-13
CZOO,2573,1788,20.0,2023-02-09
DAVE,2595,1765,32.0,2023-01-06
DBGI,2603,2252,50.0,2024-12-13
DBRG,2606,1671,4.0,2022-08-23
DCX,2630,2473,100.0,2025-11-03
DD,2631,858,2.1164021164021163,2019-06-03
DD,2631,2473,0.41841004184100417,2025-11-03
DD,2631,2632,3.0,2026-06-24
DDC,2633,2337,25.0,2025-04-21
DEA,2642,2342,2.5,2025-04-28
DECK,2646,2190,0.16666666666666666,2024-09-17
DELL,2652,1469,0.5068423720223011,2021-11-02
DEVS,2661,2413,10.0,2025-08-08
DFLI,2670,2505,10.0,2025-12-18
DFNS,2671,2649,125.0,2026-07-20
DGLY,2686,2361,100.0,2025-05-23
DGNX,2690,2434,0.125,2025-09-09
DGNX,2690,2593,8.0,2026-04-28
DHAI,2696,2463,25.0,2025-10-20
DIT,2722,2568,0.6666666666666666,2026-03-23
DKI,2727,2602,16.0,2026-05-11
DLPN,2738,1235,5.0,2020-11-27
DM,2745,2123,10.0,2024-06-11
DNA,2767,2171,40.0,2024-08-20
DOMA,2798,1885,25.0,2023-06-30
DPRO,2815,2182,25.0,2024-09-05
DRAD,2822,860,10.0,2019-06-05
DSGR,2850,1929,0.5,2023-09-01
DSS,2856,1094,30.0,2020-05-08
DUO,2884,1618,15.0,2022-06-07
DUO,2884,2371,16.0,2025-06-09
DWDP,2901,816,0.6724949562878278,2019-04-02
DXCM,2909,1622,0.25,2022-06-13
EAF,2932,2428,10.0,2025-08-29
EAR,2933,1772,20.0,2023-01-18
EBET,2942,1949,30.0,2023-10-02
ECDA,2954,2441,40.0,2025-09-18
EDBL,2969,2303,25.0,2025-03-03
EDBL,2969,2644,45.0,2026-07-13
EFOI,2995,1118,5.0,2020-06-12
EFSH,2998,1934,25.0,2023-09-11
EFTR,3000,2020,25.0,2024-01-12
EIGR,3034,2016,30.0,2024-01-08
EJH,3039,1700,20.0,2022-10-04
EJH,3039,1831,10.0,2023-04-13
EJH,3039,1944,10.0,2023-09-25
EKSO,3040,1063,15.0,2020-03-25
EKSO,3040,2366,15.0,2025-06-02
ELAB,3043,2241,200.0,2024-11-27
ELAB,3043,2308,7.0,2025-03-10
ELDN,3046,1197,18.0,2020-10-05
ELPW,3063,2664,45.0,2026-08-10
ELS,3064,953,0.5,2019-10-16
EMKR,3089,2074,10.0,2024-04-02
EMWP,3099,1536,20.0,2022-02-08
ENLV,3120,2642,15.0,2026-07-09
ENPC,3125,1316,0.4,2021-03-26
ENSC,3130,2247,15.0,2024-12-06
ENVB,3141,2281,15.0,2025-01-29
ENVB,3141,2469,12.0,2025-10-28
EPOW,3164,2692,25.0,2026-09-18
EPWK,3170,2483,40.0,2025-11-17
ERNA,3201,2597,25.0,2026-05-04
ESGC,3217,1536,20.0,2022-02-08
ESV,3245,823,4.0,2019-04-11
ETHZ,3255,2463,10.0,2025-10-20
ETR,3262,2252,0.5,2024-12-13
EVLO,3299,1885,20.0,2023-06-30
EVTL,3312,2194,10.0,2024-09-23
EVTV,3313,2413,10.0,2025-08-08
EW,3314,1109,0.3333333333333333,2020-06-01
EXLS,3332,1907,0.2,2023-08-02
EYEN,3350,2284,80.0,2025-02-03
EYPT,3351,1243,10.0,2020-12-09
EZGO,3353,2487,25.0,2025-11-21
EZRA,3355,2607,40.0,2026-05-18
FAMI,3367,1613,25.0,2022-05-31
FAMI,3367,1944,8.0,2023-09-25
FAMI,3367,2313,12.0,2025-03-17
FAST,3371,852,0.5,2019-05-23
FAST,3371,2360,0.5,2025-05-22
FBLG,3390,2573,20.0,2026-03-30
FCHL,3419,2597,30.0,2026-05-04
FCUV,3430,1818,0.6666666666666666,2023-03-24
FEED,3448,2415,10.0,2025-08-12
FEMY,3452,2621,20.0,2026-06-08
FFAI,3463,2653,150.0,2026-07-24
FFIN,3469,859,0.5,2019-06-04
FGEN,3478,2377,25.0,2025-06-17
FIZZ,3524,1292,0.5,2021-02-22
FLGC,3536,1871,20.0,2023-06-09
FLNT,3548,2082,6.0,2024-04-12
FOA,3609,2154,10.0,2024-07-26
FOXO,3633,2404,1.99,2025-07-28
FRGT,3663,2035,10.0,2024-02-05
FRGT,3663,2362,4.0,2025-05-27
FRGT,3663,2502,5.0,2025-12-15
FRGT,3663,2607,5.0,2026-05-18
FRPH,3676,2083,0.5,2024-04-15
FSBW,3695,1392,0.5,2021-07-15
FSFG,3701,1436,0.3333333333333333,2021-09-16
FSK,3706,1120,4.0,2020-06-16
FTCI,3731,2243,10.0,2024-12-02
FTEL,3736,2518,8.0,2026-01-08
FTFT,3738,1782,5.0,2023-02-01
FTFT,3738,2525,4.0,2026-01-20
FTFT,3738,2644,4.0,2026-07-13
FTNT,3747,1629,0.2,2022-06-23
FTSI,3756,1096,20.0,2020-05-12
FWBI,3792,1674,30.0,2022-08-26
FXHO,3801,2544,5.0,2026-02-17
GBIO,3842,2400,10.0,2025-07-22
GCBC,3857,1818,0.5,2023-03-24
GCTK,3865,2108,5.0,2024-05-20
GCTK,3865,2376,60.0,2025-06-16
GCTK,3865,2679,15.0,2026-08-31
GDC,3868,1726,30.0,2022-11-09
GDC,3868,2635,250.0,2026-06-29
GDEV,3872,2178,10.0,2024-08-29
GDHG,3874,2351,25.0,2025-05-09
GE,3884,1404,8.0,2021-08-02
GGR,3937,2453,20.0,2025-10-06
GHSI,3949,1297,6.0,2021-03-01
GIBO,3956,2421,200.0,2025-08-20
GIPR,3973,2643,10.0,2026-07-10
GLAD,3985,2077,2.0,2024-04-05
GME,4034,1649,0.25,2022-07-22
GMEX,4036,2518,8.0,2026-01-08
GMEX,4036,2638,9.0,2026-07-02
GMEX,4036,2698,9.0,2026-09-28
GMM,4044,2240,15.0,2024-11-26
GMRE,4046,2443,5.0,2025-09-22
GNCA,4054,851,8.0,2019-05-22
GNLN,4059,1662,20.0,2022-08-10
GNLN,4059,2384,750.0,2025-06-27
GNPX,4064,2464,50.0,2025-10-21
GOEV,4080,2058,23.0,2024-03-08
GOEV,4080,2259,20.0,2024-12-24
GOOG,4086,1645,0.05,2022-07-18
GOOGL,4087,1645,0.05,2022-07-18
GORV,4092,2394,30.0,2025-07-14
GPL,4111,1650,10.0,2022-07-25
GPUS,4120,2022,25.0,2024-01-17
GPUS,4120,2239,35.0,2024-11-25
GPUS,4120,2675,5.0,2026-08-25
GRI,4138,2298,17.0,2025-02-24
GRI,4138,2529,28.0,2026-01-26
GRML,4141,2674,50.0,2026-08-24
GRNT,4146,1316,0.4,2021-03-26
GSL,4183,810,8.0,2019-03-25
GTBP,4201,2684,25.0,2026-09-08
GTE,4202,1847,10.0,2023-05-05
GTI,4208,2424,60.0,2025-08-25
GVH,4232,2399,200.0,2025-07-21
GVP,4233,1969,10.0,2023-10-30
GWAV,4235,2117,150.0,2024-06-03
GXAI,4244,2058,12.0,2024-03-08
HAO,4268,2279,25.0,2025-01-27
HCTI,4326,2540,60.0,2026-02-10
HCWB,4328,2332,40.0,2025-04-11
HCWB,4328,2636,6.0,2026-06-30
HEXO,4355,1253,4.0,2020-12-23
HEXO,4355,1753,14.0,2022-12-19
HIPO,4394,1698,25.0,2022-09-30
HIVE,4397,1609,5.0,2022-05-24
HJLI,4399,1236,25.0,2020-11-30
HKIT,4401,2639,25.0,2026-07-06
HOLO,4456,2034,10.0,2024-02-02
HOLO,4456,2337,40.0,2025-04-21
HOOK,4467,2142,10.0,2024-07-10
HPP,4487,2493,7.0,2025-12-02
HPR,4489,1216,50.0,2020-10-30
HSDT,4517,2386,50.0,2025-07-01
HSON,4526,864,10.0,2019-06-11
HSTO,4531,1616,20.0,2022-06-03
HTBX,4538,1245,7.0,2020-12-11
HUBC,4555,1803,1.4036387932075112,2023-03-03
HUBC,4555,2002,10.0,2023-12-15
HUBC,4555,2323,10.0,2025-03-31
HUBC,4555,2524,15.0,2026-01-16
HUBC,4555,2587,50.0,2026-04-20
HUBC,4555,2621,20.0,2026-06-08
HUBG,4556,2030,0.5,2024-01-29
HUSA,4572,2371,10.0,2025-06-09
HUT,4574,1993,5.0,2023-12-04
HWKN,4588,1298,0.5,2021-03-02
HYMC,4604,1981,10.0,2023-11-15
HYZN,4609,2186,50.0,2024-09-11
IBIO,4636,1704,25.0,2022-10-10
IBKR,4638,2378,0.25,2025-06-18
ICCT,4655,2258,20.0,2024-12-23
ICON,4664,2324,40.0,2025-04-01
ICU,4666,2515,10.0,2026-01-05
IESC,4692,2674,0.5,2026-08-24
IFBD,4694,1853,5.0,2023-05-15
IFBD,4694,2054,8.0,2024-03-04
IMA,4736,2404,12.0,2025-07-28
IMBI,4740,993,10.0,2019-12-12
IMCC,4743,2144,6.0,2024-07-12
IMNN,4758,2403,15.0,2025-07-25
IMPP,4762,1842,15.0,2023-04-28
IMUX,4773,2592,10.0,2026-04-27
IMV,4774,1749,10.0,2022-12-13
INBS,4784,1789,20.0,2023-02-10
INBS,4784,2503,10.0,2025-12-16
INHD,4805,2507,24.0,2025-12-22
INHD,4805,2597,20.0,2026-05-04
INLF,4810,2577,16.0,2026-04-06
INMD,4814,1447,0.5,2021-10-01
INO,4818,2028,12.0,2024-01-25
INTS,4839,2546,25.0,2026-02-19
IONM,4863,2141,18.0,2024-07-09
IPDN,4881,1764,2.0,2023-01-05
IPDN,4881,2311,10.0,2025-03-13
IPDN,4881,2688,30.0,2026-09-14
IPST,4899,2475,20.0,2025-11-05
IPST,4899,2590,20.0,2026-04-23
IPW,4905,2611,8.0,2026-05-22
IPW,4905,2663,9.0,2026-08-07
ISPC,4951,2593,40.0,2026-04-28
ISRG,4955,1449,0.3333333333333333,2021-10-05
ITRG,4976,1862,2.5,2023-05-26
ITRM,4978,1668,15.0,2022-08-18
IVP,4991,2279,25.0,2025-01-27
IXHL,4998,2552,30.0,2026-02-27
JAGX,5009,2111,60.0,2024-05-23
JAGX,5009,2318,25.0,2025-03-24
JAKK,5011,1137,10.0,2020-07-10
JCSE,5039,1959,3.0,2023-10-16
JDZG,5041,2568,25.0,2026-03-23
JDZG,5041,2616,10.0,2026-06-01
JEM,5046,2582,20.0,2026-04-13
JEM,5046,2645,12.0,2026-07-14
JFB,5049,2570,0.5,2026-03-25
JFBR,5050,2376,17.0,2025-06-16
JFBR,5050,2544,14.0,2026-02-17
JILL,5058,1223,5.0,2020-11-10
JSPR,5094,2014,10.0,2024-01-04
JUNS,5105,2663,75.0,2026-08-07
JYD,5118,2458,50.0,2025-10-13
KALA,5130,2602,50.0,2026-05-11
KAPA,5134,2680,7.0,2026-09-01
KERN,5170,1725,20.0,2022-11-08
KIDZ,5189,2559,50.0,2026-03-10
KIDZ,5189,2621,10.0,2026-06-08
KIDZ,5189,2667,15.0,2026-08-13
KITT,5200,2151,36.0,2024-07-23
KITT,5200,2432,9.0,2025-09-05
KITT,5200,2588,8.0,2026-04-21
KLAC,5204,2625,0.1,2026-06-12
KLR,5212,1807,3.5,2023-03-09
KLXE,5218,1149,5.0,2020-07-28
KNTK,5242,1131,20.0,2020-07-01
KNTK,5242,1620,0.5,2022-06-09
KPRX,5260,921,15.0,2019-08-30
KRBP,5265,1809,30.0,2023-03-13
KULR,5299,2380,8.0,2025-06-23
KXIN,5316,2218,60.0,2024-10-25
KXIN,5316,2562,15.0,2026-03-13
KZR,5322,2221,10.0,2024-10-30
LABT,5328,2630,10.0,2026-06-22
LBGJ,5362,2572,100.0,2026-03-27
LBGJ,5362,2659,200.0,2026-08-03
LC,5377,882,5.0,2019-07-08
LCID,5385,2429,10.0,2025-09-02
LEE,5406,1307,10.0,2021-03-15
LESL,5417,2448,20.0,2025-09-29
LFWD,5445,2063,7.0,2024-03-15
LGCL,5450,2458,40.0,2025-10-13
LGCL,5450,2680,125.0,2026-09-01
LGMK,5459,1838,20.0,2023-04-24
LGMK,5459,2235,25.0,2024-11-19
LGVN,5470,2677,10.0,2026-08-27
LICN,5483,2303,200.0,2025-03-03
LIFW,5490,1958,25.0,2023-10-13
LIFW,5490,2234,25.0,2024-11-18
LIMN,5497,2673,50.0,2026-08-21
LINK,5504,2069,0.6666666666666666,2024-03-25
LINK,5504,2470,0.6666666666666666,2025-10-29
LIQT,5511,821,4.0,2019-04-09
LITM,5513,2346,13.0,2025-05-02
LMFA,5549,2060,6.0,2024-03-12
LMFA,5549,2644,25.0,2026-07-13
LNAI,5561,2449,10.0,2025-09-30
LNAI,5561,2611,8.0,2026-05-22
LNZA,5574,2420,100.0,2025-08-19
LOCL,5583,1875,13.0,2023-06-15
LODE,5585,984,5.0,2019-11-29
LODE,5585,2299,10.0,2025-02-25
LPSN,5610,2458,15.0,2025-10-13
LPTX,5615,1878,10.0,2023-06-21
LQR,5619,2054,0.6666666666666666,2024-03-04
LRCX,5621,2202,0.1,2024-10-03
LRHC,5623,2587,10.0,2026-04-20
LRHC,5623,2684,6.0,2026-09-08
LSDI,5633,2049,10.0,2024-02-26
LSI,5639,1276,0.6666666666666666,2021-01-28
LUCY,5666,2148,20.0,2024-07-18
LUXH,5677,2236,70.0,2024-11-20
LVO,5685,2447,10.0,2025-09-26
LXP,5701,2479,5.0,2025-11-11
LYRA,5710,2363,50.0,2025-05-28
LYT,5711,2048,60.0,2024-02-23
LZMH,5717,2611,20.0,2026-05-22
MARK,5752,1756,10.0,2022-12-22
MAXN,5766,2206,100.0,2024-10-09
MBIN,5783,1521,0.6666666666666666,2022-01-18
MBIO,5788,1825,15.0,2023-04-04
MBRX,5796,1278,6.0,2021-02-01
MBRX,5796,2492,25.0,2025-12-01
MCHP,5826,1455,0.5,2021-10-13
MCOM,5833,1993,150.0,2023-12-04
MCRB,5834,2338,20.0,2025-04-22
MDRR,5867,2138,2.0,2024-07-03
MDU,5872,1865,0.6863417982155113,2023-06-01
MDU,5872,2223,0.554016620498615,2024-11-01
ME,5881,2211,20.0,2024-10-16
MEGL,5890,2294,4.0,2025-02-18
MFA,5916,1575,4.0,2022-04-05
MFI,5922,2392,8.0,2025-07-10
MGN,5945,2691,30.0,2026-09-17
MGOL,5948,2148,10.0,2024-07-18
MGRX,5954,2211,15.0,2024-10-16
MHUA,5968,2488,100.0,2025-11-24
MIGI,5979,1788,6.0,2023-02-09
MIGI,5979,2487,20.0,2025-11-21
MIMI,5985,2599,10.0,2026-05-06
MITT,6003,1398,3.0,2021-07-23
MKC,6007,1237,0.5,2020-12-01
MKC.V,6008,1237,0.5,2020-12-01
MKDW,6009,2529,30.0,2026-01-26
MLEC,6028,2354,10.0,2025-05-14
MLGO,6029,2398,30.0,2025-07-18
MLI,6030,1964,0.5,2023-10-23
MLI,6030,2637,0.5,2026-07-01
MLNT,6036,789,5.0,2019-02-22
MNDR,6064,2308,8.0,2025-03-10
MNDR,6064,2446,5.0,2025-09-25
MNMD,6073,1675,15.0,2022-08-29
MNPR,6075,2166,5.0,2024-08-13
MNST,6080,1820,0.5,2023-03-28
MNST,6080,2665,0.5,2026-08-11
MNTS,6085,2252,14.0,2024-12-13
MNTS,6085,2505,17.85,2025-12-18
MOBQ,6094,1910,15.0,2023-08-07
MOBX,6096,2578,10.0,2026-04-07
MQ,6143,2637,4.0,2026-07-01
MRBK,6149,1815,0.5,2023-03-21
MRKR,6159,1779,10.0,2023-01-27
MRNS,6163,1189,4.0,2020-09-23
MRSN,6167,2404,25.0,2025-07-28
MRTN,6169,1162,0.6666666666666666,2020-08-14
MSAI,6179,2582,40.0,2026-04-13
MSS,6207,2591,10.0,2026-04-24
MSTR,6209,2163,0.1,2024-08-08
MTC,6219,2255,8.0,2024-12-18
MTEM,6226,1915,15.0,2023-08-14
MTH,6231,2265,0.5,2025-01-03
MTNB,6234,2698,15.0,2026-09-28
MULN,6256,1846,25.0,2023-05-04
MULN,6256,1914,9.0,2023-08-11
MULN,6256,2190,100.0,2024-09-17
MULN,6256,2294,60.0,2025-02-18
MUX,6261,1653,10.0,2022-07-28
MVIS,6265,2659,15.0,2026-08-03
MWG,6272,2548,10.0,2026-02-23
MYNZ,6291,2244,40.0,2024-12-03
NAKA,6312,2611,40.0,2026-05-22
NAOV,6319,2415,10.0,2025-08-12
NBR,6348,1083,50.0,2020-04-23
NBRV,6350,1239,10.0,2020-12-03
NBY,6354,2116,35.0,2024-05-31
NBY,6354,2548,5.0,2026-02-23
NCI,6361,2608,8.0,2026-05-19
NCL,6363,2455,8.0,2025-10-08
NCMI,6365,1909,10.0,2023-08-04
NCPL,6370,2159,70.0,2024-08-02
NCRA,6373,2640,30.0,2026-07-07
NCSM,6375,1237,20.0,2020-12-01
NCT,6377,2691,25.0,2026-09-17
NDAQ,6379,1675,0.3333333333333333,2022-08-29
NDLS,6380,2545,8.0,2026-02-18
NDRA,6381,2227,35.0,2024-11-07
NEE,6389,1213,0.25,2020-10-27
NEGG,6391,2328,20.0,2025-04-07
NEOG,6396,1365,0.5,2021-06-07
NEXR,6436,2544,14.0,2026-02-17
NFLX,6446,2483,0.1,2025-11-17
NISN,6488,1856,10.0,2023-05-18
NIVF,6490,2290,20.0,2025-02-11
NIVF,6490,2492,5.0,2025-12-01
NIVF,6490,2680,3.0,2026-09-01
NKLA,6498,2132,30.0,2024-06-25
NLY,6511,1694,4.0,2022-09-26
NM,6512,755,10.0,2019-01-03
NNVC,6541,937,20.0,2019-09-24
NOG,6547,1187,10.0,2020-09-21
NOTE,6551,2429,12.0,2025-09-02
NOW,6559,2505,0.2,2025-12-18
NRDY,6589,2671,15.0,2026-08-19
NRIM,6595,2444,0.25,2025-09-23
NRSN,6598,2688,20.0,2026-09-14
NRXP,6600,2074,10.0,2024-04-02
NSSC,6621,1513,0.5,2022-01-05
NTCL,6632,2639,50.0,2026-07-06
NTEC,6634,1400,4.0,2021-07-27
NTIC,6639,878,0.5,2019-07-01
NUTX,6669,2138,10.0,2024-07-03
NUWE,6674,1207,30.0,2020-10-19
NUWE,6674,1748,100.0,2022-12-12
NUWE,6674,2389,42.0,2025-07-07
NVA,6676,2470,0.2,2025-10-29
NVDA,6682,1395,0.25,2021-07-20
NVDA,6682,2122,0.1,2024-06-10
NVEE,6684,2208,0.25,2024-10-11
NVNI,6694,2453,10.0,2025-10-06
NVNO,6695,1236,25.0,2020-11-30
NVOS,6696,1975,10.0,2023-11-07
NVUS,6706,1197,18.0,2020-10-05
NVVE,6707,2502,40.0,2025-12-15
NXPL,6736,2582,10.0,2026-04-13
NXTC,6740,2394,12.0,2025-07-14
NXTP,6743,1765,20.0,2023-01-06
NXTT,6745,2439,200.0,2025-09-16
NXU,6746,2323,20.0,2025-03-31
NXXT,6747,2688,10.0,2026-09-14
NYC,6750,1769,8.0,2023-01-12
NYMT,6754,1807,4.0,2023-03-09
OBE,6782,863,7.0,2019-06-10
OBT,6789,2270,0.5,2025-01-13
OCN,6808,1162,15.0,2020-08-14
OCSL,6812,1775,3.0,2023-01-23
ODC,6818,2266,0.5,2025-01-06
ODFL,6820,1063,0.6666666666666666,2020-03-25
ODFL,6820,2072,0.5,2024-03-28
OFAL,6829,2658,10.0,2026-07-31
OGI,6843,1889,4.0,2023-07-07
OIG,6855,1837,40.0,2023-04-21
OIO,6860,2591,3.0,2026-04-24
OMH,6895,2308,10.0,2025-03-10
OMH,6895,2679,50.0,2026-08-31
ONCO,6908,2375,85.0,2025-06-13
ONCO,6908,2610,10.0,2026-05-21
ONCT,6911,2016,20.0,2024-01-08
ONMD,6922,2699,10.0,2026-09-29
ONVO,6930,1165,20.0,2020-08-19
ONVO,6930,2317,12.0,2025-03-21
OP,6933,1870,20.0,2023-06-08
OP,6933,2424,25.0,2025-08-25
OPAD,6935,1873,15.0,2023-06-13
OPAD,6935,2622,10.0,2026-06-09
OPCH,6939,1027,4.0,2020-02-03
OPGN,6943,2108,10.0,2024-05-20
OPTN,6956,2263,15.0,2024-12-31
OPTT,6957,2688,30.0,2026-09-14
ORC,6969,1677,5.0,2022-08-31
ORLY,6987,2372,0.06666666666666667,2025-06-10
OST,7014,2410,25.0,2025-08-05
OTLK,7030,805,8.0,2019-03-18
OUST,7036,1837,10.0,2023-04-21
OVV,7042,1022,5.0,2020-01-27
OWLT,7045,1890,14.0,2023-07-10
OXLC,7049,2433,5.0,2025-09-08
OZM,7066,756,10.0,2019-01-04
PANW,7102,1686,0.3333333333333333,2022-09-14
PANW,7102,2253,0.5,2024-12-16
PARA,7107,2601,20.0,2026-05-08
PATK,7116,2253,0.6666666666666666,2024-12-16
PAVM,7117,1996,15.0,2023-12-07
PAVM,7117,2514,30.0,2026-01-02
PAVS,7118,2635,100.0,2026-06-29
PBLA,7142,1770,40.0,2023-01-13
PBLA,7142,2023,20.0,2024-01-18
PBM,7144,2240,75.0,2024-11-26
PCAR,7153,1787,0.6666666666666666,2023-02-08
PDS,7187,1225,20.0,2020-11-12
PEGA,7202,2380,0.5,2025-06-23
PEGY,7205,2124,15.0,2024-06-12
PETZ,7225,1623,20.0,2022-06-14
PFSA,7247,2539,75.0,2026-02-09
PFSA,7247,2640,25.0,2026-07-07
PGY,7270,2058,12.0,2024-03-08
PHGE,7276,2175,10.0,2024-08-26
PHGE,7276,2489,19.0,2025-11-25
PHUN,7290,2050,50.0,2024-02-27
PIPR,7310,2569,0.25,2026-03-24
PIXY,7314,995,40.0,2019-12-16
PLRZ,7353,2362,250.0,2025-05-27
PLRZ,7353,2491,6.0,2025-11-28
PLUR,7362,895,10.0,2019-07-25
PLUS,7363,1498,0.5,2021-12-14
PLX,7365,999,10.0,2019-12-20
PMAX,7373,2586,10.0,2026-04-17
PMI,7381,2659,50.0,2026-08-03
PMN,7382,2491,25.0,2025-11-28
PN,7391,2582,20.0,2026-04-13
POAI,7411,1838,20.0,2023-04-24
POWI,7430,1165,0.5,2020-08-19
POWL,7431,2577,0.3333333333333333,2026-04-06
PRFX,7466,2538,5.0,2026-02-06
PRPL,7498,2649,25.0,2026-07-20
PRTS,7512,2612,10.0,2026-05-26
PSFE,7531,1749,12.0,2022-12-13
PSHG,7533,1217,10.0,2020-11-02
PSHG,7533,1730,15.0,2022-11-15
PSQH,7541,2644,15.0,2026-07-13
PSTI,7546,895,10.0,2019-07-25
PSTV,7548,2576,25.0,2026-04-02
PTMN,7572,1422,10.0,2021-08-26
PTSI,7582,1415,0.5,2021-08-17
PTSI,7582,1571,0.5,2022-03-30
PWOD,7612,942,0.6666666666666666,2019-10-01
PXLW,7623,2371,12.0,2025-06-09
QCLS,7643,2429,100.0,2025-09-02
QLGN,7660,1736,10.0,2022-11-23
QMCO,7663,2176,20.0,2024-08-27
QNCX,7668,2582,10.0,2026-04-13
QNCX,7668,2636,20.0,2026-06-30
QTNT,7693,1722,40.0,2022-11-03
QUIK,7702,1001,14.0,2019-12-24
QVCGA,7709,2361,50.0,2025-05-23
RAND,7732,1104,9.0,2020-05-22
RAPT,7736,2377,8.0,2025-06-17
RAY,7743,2477,16.0,2025-11-07
RAYA,7744,2587,10.0,2026-04-20
RBNE,7755,2642,15.0,2026-07-09
RBT,7759,1946,8.0,2023-09-27
RBZ,7761,804,8.0,2019-03-15
RCEL,7766,1130,5.0,2020-06-30
RCON,7776,2095,18.0,2024-05-01
REAX,7804,1398,0.25,2021-07-23
REAX,7804,2675,10.0,2026-08-25
RENB,7824,2449,10.0,2025-09-30
RENT,7827,2075,20.0,2024-04-03
RENX,7828,2571,20.0,2026-03-26
REPX,7832,1297,12.0,2021-03-01
RETO,7836,2473,5.0,2025-11-03
RETO,7836,2607,4.0,2026-05-18
REVB,7839,2389,3.0,2025-07-07
REX,7843,1660,0.3333333333333333,2022-08-08
REX,7843,2439,0.5,2025-09-16
RGLS,7862,1633,10.0,2022-06-29
RGS,7867,1990,20.0,2023-11-29
RIBT,7877,1674,10.0,2022-08-26
RIDE,7883,1860,15.0,2023-05-24
RIME,7897,2289,200.0,2025-02-10
RJET,7905,2489,15.0,2025-11-25
RJF,7906,1440,0.6666666666666666,2021-09-22
RLI,7919,2273,0.5,2025-01-16
RLYB,7924,2538,8.0,2026-02-06
RMTI,7944,2637,10.0,2026-07-01
RNAZ,7949,2355,28.0,2025-05-15
ROL,7984,1245,0.6666666666666666,2020-12-11
RPGL,8004,2614,40.0,2026-05-28
RPGL,8004,2697,16.0,2026-09-25
RRTS,8023,819,25.0,2019-04-05
RUBI,8061,2493,30.0,2025-12-02
RUBI,8061,2580,10.0,2026-04-09
RUBI,8061,2634,25.0,2026-06-26
RUSHA,8065,1203,0.6666666666666666,2020-10-13
RUSHA,8065,1926,0.6666666666666666,2023-08-29
RUSHA,8065,2680,0.6666666666666666,2026-09-01
RUSHB,8066,1203,0.6666666666666666,2020-10-13
RUSHB,8066,1926,0.6666666666666666,2023-08-29
RUSHB,8066,2680,0.6666666666666666,2026-09-01
RVPH,8077,2558,20.0,2026-03-09
RVSN,8079,2536,30.0,2026-02-04
RYCE,8102,999,20.0,2019-12-20
SABS,8119,2015,10.0,2024-01-05
SAIH,8135,2313,15.0,2025-03-17
SAL,8140,1635,0.5,2022-07-01
SALT,8143,1072,10.0,2020-04-07
SANW,8154,2213,19.0,2024-10-18
SBEV,8178,2322,40.0,2025-03-28
SBEV,8178,2654,4.0,2026-07-27
SBFM,8180,2616,10.0,2026-06-01
SCLX,8218,2334,35.0,2025-04-15
SCVL,8244,1395,0.5,2021-07-20
SCWO,8246,2510,10.0,2025-12-26
SCYX,8249,1142,10.0,2020-07-17
SCYX,8249,2616,8.0,2026-06-01
SDEV,8256,2548,5.0,2026-02-23
SDIG,8262,1854,10.0,2023-05-16
SDLP,8263,879,10.0,2019-07-02
SDOT,8265,2613,20.0,2026-05-27
SDST,8269,2433,10.0,2025-09-08
SEEL,8281,2106,8.0,2024-05-16
SEGG,8284,2659,7.0,2026-08-03
SEZL,8310,2323,0.16666666666666666,2025-03-31
SF,8311,1249,0.6666666666666666,2020-12-17
SF,8311,2552,0.6666666666666666,2026-02-27
SFBS,8313,2673,0.5,2026-08-21
SFT,8326,1806,10.0,2023-03-08
SGD,8337,2205,20.0,2024-10-08
SGH,8342,1532,0.5,2022-02-02
SGLB,8349,1045,10.0,2020-02-28
SHIP,8379,1793,10.0,2023-02-16
SHOP,8389,1633,0.1,2022-06-29
SHPH,8394,2166,8.0,2024-08-13
SHPH,8394,2376,25.0,2025-06-16
SHPH,8394,2624,10.0,2026-06-11
SHW,8399,1320,0.3333333333333333,2021-04-01
SIDU,8403,2005,100.0,2023-12-20
SISI,8429,2414,50.0,2025-08-11
SITC,8430,2170,4.0,2024-08-19
SKIL,8445,1949,20.0,2023-10-02
SKLZ,8450,1881,20.0,2023-06-26
SKYE,8456,2674,8.0,2026-08-24
SLE,8474,2380,40.0,2025-06-23
SLMT,8485,2383,10.0,2025-06-26
SLMT,8485,2605,10.0,2026-05-14
SLRX,8496,2419,15.0,2025-08-18
SLXN,8502,2405,15.0,2025-07-29
SMCI,8510,2200,0.1,2024-10-01
SMSI,8530,2081,8.0,2024-04-11
SMTK,8534,2673,50.0,2026-08-21
SMX,8538,1920,22.0,2023-08-21
SMX,8538,2145,75.0,2024-07-15
SMX,8538,2376,4.1,2025-06-16
SMX,8538,2412,7.0,2025-08-07
SMX,8538,2466,10.89958,2025-10-23
SMX,8538,2484,8.0,2025-11-18
SMX,8538,2544,4.8828125,2026-02-17
SMX,8538,2602,20.0,2026-05-11
SMX,8538,2616,2.285,2026-06-01
SNAL,8544,2639,5.0,2026-07-06
SNCR,8554,1998,9.0,2023-12-11
SNDA,8557,1246,15.0,2020-12-14
SNEX,8563,1988,0.6666666666666666,2023-11-27
SNEX,8563,2318,0.6666666666666666,2025-03-24
SNEX,8563,2568,0.6666666666666666,2026-03-23
SNEX,8563,2649,0.6666666666666666,2026-07-20
SNGX,8565,1789,15.0,2023-02-10
SNOA,8573,2179,20.0,2024-08-30
SNTI,8585,2148,10.0,2024-07-18
SNX,8588,1237,0.5,2020-12-01
SOAR,8592,2298,25.0,2025-02-24
SONM,8613,1436,10.0,2021-09-16
SOS,8623,986,10.0,2019-12-03
SOS,8623,2235,15.0,2024-11-19
SPIR,8653,1928,8.0,2023-08-31
SPSC,8681,916,0.5,2019-08-23
SQFT,8693,2357,10.0,2025-05-19
SRE,8707,1921,0.5,2023-08-22
SRFM,8709,2170,7.0,2024-08-19
SRGA,8711,1604,30.0,2022-05-17
SRRA,8719,1020,40.0,2020-01-23
SRZN,8728,2001,15.0,2023-12-14
STAF,8765,1630,10.0,2022-06-24
STAI,8767,2503,20.0,2025-12-16
STBX,8773,2303,10.0,2025-03-03
STEM,8781,2380,20.0,2025-06-23
STFS,8787,2562,40.0,2026-03-13
STNG,8809,766,10.0,2019-01-18
STRM,8821,2203,15.0,2024-10-04
STRO,8822,2494,10.0,2025-12-03
STRR,8824,864,10.0,2019-06-11
STSS,8834,2342,300.0,2025-04-28
SUNW,8863,921,7.0,2019-08-30
SVC,8876,2640,5.0,2026-07-07
SVRN,8892,2424,25.0,2025-08-25
SVRN,8892,2573,20.0,2026-03-30
SWI,8909,1404,2.0,2021-08-02
SWVL,8923,1778,25.0,2023-01-26
SXTC,8931,2664,80.0,2026-08-10
SXTP,8932,2298,5.0,2025-02-24
SYN,8942,1650,10.0,2022-07-25
SYTA,8954,1912,100.0,2023-08-09
SYTA,8954,1993,7.0,2023-12-04
SYTA,8954,2159,18.0,2024-08-02
TAOP,8977,2364,30.0,2025-05-29
TBH,8997,2616,8.0,2026-06-01
TCON,9031,970,10.0,2019-11-08
TCRT,9037,2033,15.0,2024-02-01
TCS,9039,2181,15.0,2024-09-04
TDIC,9048,2587,5.0,2026-04-20
TDIC,9048,2626,25.0,2026-06-15
TDTH,9051,2591,30.0,2026-04-24
TECH,9061,1740,0.25,2022-11-30
TECX,9063,2130,12.0,2024-06-21
TGL,9108,2050,70.0,2024-02-27
TGL,9108,2328,50.0,2025-04-07
THCH,9123,2270,5.0,2025-01-13
TIL,9153,1997,20.0,2023-12-08
TISI,9162,1756,10.0,2022-12-22
TIVC,9164,1922,100.0,2023-08-23
TIVC,9164,2307,17.0,2025-03-07
TLRY,9193,2493,10.0,2025-12-02
TLSA,9195,962,0.5,2019-10-29
TNFA,9230,2429,100.0,2025-09-02
TNK,9234,981,8.0,2019-11-25
TNMG,9236,2508,20.0,2025-12-23
TNMG,9236,2684,8.0,2026-09-08
TNON,9237,1972,10.0,2023-11-02
TNP,9238,1131,5.0,2020-07-01
TNXP,9241,2286,100.0,2025-02-05
TOMZ,9248,2649,3.0,2026-07-20
TOP,9253,2659,5.0,2026-08-03
TOVX,9261,1650,10.0,2022-07-25
TPET,9271,2679,9.0,2026-08-31
TPL,9283,2071,0.3333333333333333,2024-03-27
TPL,9283,2508,0.3333333333333333,2025-12-23
TPST,9288,2330,13.0,2025-04-09
TPX,9292,1233,0.25,2020-11-24
TREX,9310,1183,0.5,2020-09-15
TRNR,9335,2126,40.0,2024-06-14
TRNR,9335,2384,10.0,2025-06-27
TRQ,9344,1212,10.0,2020-10-26
TRST,9348,1360,5.0,2021-05-28
TRT,9349,2515,0.5,2026-01-05
TRUG,9356,2380,50.0,2025-06-23
TRUG,9356,2699,10.0,2026-09-29
TRVN,9360,2166,25.0,2024-08-13
TRXC,9363,993,13.0,2019-12-12
TSCO,9368,2257,0.2,2024-12-20
TSLA,9374,1173,0.2,2020-08-31
TSLA,9374,1673,0.3333333333333333,2022-08-25
TTD,9394,1373,0.1,2021-06-17
TTEK,9397,2184,0.2,2024-09-09
TU,9407,1058,0.5,2020-03-18
TUEM,9409,1741,30.0,2022-12-01
TURN,9416,1259,3.0,2021-01-04
TWO,9449,1721,4.0,2022-11-02
UAVS,9485,2039,20.0,2024-02-09
UBXG,9498,2611,25.0,2026-05-22
UCAR,9499,2075,100.0,2024-04-03
UK,9530,2595,10.0,2026-04-30
ULY,9536,2314,12.0,2025-03-18
UOKA,9556,2563,35.0,2026-03-16
UP,9559,1870,10.0,2023-06-08
UP,9559,2592,20.0,2026-04-27
UPC,9562,2234,15.0,2024-11-18
UPLD,9565,2628,10.0,2026-06-17
USAS,9583,2425,2.5,2025-08-26
USLM,9600,2145,0.2,2024-07-15
USWS,9604,1659,6.0,2022-08-05
UZX,9624,2693,23.0,2026-09-21
VANI,9636,1008,8.0,2020-01-06
VAPO,9638,1919,8.0,2023-08-18
VBIO,9645,2679,25.0,2026-08-31
VBIV,9646,1830,30.0,2023-04-12
VCIG,9655,2225,49.0,2024-11-05
VCIG,9655,2326,20.0,2025-04-03
VCIG,9655,2439,30.0,2025-09-16
VCIG,9655,2552,60.0,2026-02-27
VCIG,9655,2674,15.0,2026-08-24
VER,9680,1250,5.0,2020-12-18
VERU,9685,2414,10.0,2025-08-11
VHI,9707,1110,12.0,2020-06-02
VIA,9711,1816,5.0,2023-03-22
VINC,9727,2280,20.0,2025-01-28
VINO,9729,1723,12.0,2022-11-04
VISL,9738,1153,6.0,2020-08-03
VLRX,9757,849,20.0,2019-05-20
VMAR,9763,2323,10.0,2025-03-31
VMAR,9763,2522,40.0,2026-01-14
VNRX,9781,2593,20.0,2026-04-28
VOR,9788,2442,20.0,2025-09-19
VRM,9807,2042,80.0,2024-02-14
VRNS,9812,1307,0.3333333333333333,2021-03-15
VRPX,9814,2053,10.0,2024-03-01
VSME,9836,2128,7.0,2024-06-18
VTAK,9848,2418,19.0,2025-08-15
VWAV,9876,2694,20.0,2026-09-22
VYNE,9883,1790,18.0,2023-02-13
VYNE,9883,2654,50.0,2026-07-27
VYNT,9884,960,30.0,2019-10-25
WAI,9898,2433,25.0,2025-09-08
WATT,9906,2414,30.0,2025-08-11
WBX,9924,2388,20.0,2025-07-03
WCT,9932,2684,5.0,2026-09-08
WETG,9955,1871,185.0,2023-06-09
WGRX,9973,2612,50.0,2026-05-26
WGS,9974,1846,33.0,2023-05-04
WHLR,9982,2193,3.0,2024-09-20
WHLR,9982,2235,2.0,2024-11-19
WHLR,9982,2362,7.0,2025-05-27
WHLR,9982,2444,5.0,2025-09-23
WHLR,9982,2525,3.0,2026-01-20
WHLR,9982,2655,5.0,2026-07-28
WHLR,9982,2677,4.0,2026-08-27
WIMI,9991,2326,0.5,2025-04-03
WIMI,9991,2333,20.0,2025-04-14
WINT,9998,2297,50.0,2025-02-21
WISA,10001,1779,100.0,2023-01-27
WKHS,10006,2313,12.5,2025-03-17
WLFC,10014,2650,0.3333333333333333,2026-07-21
WMC,10029,1640,10.0,2022-07-11
WMT,10037,2049,0.3333333333333333,2024-02-26
WNW,10044,2005,35.0,2023-12-20
WNW,10044,2324,20.0,2025-04-01
WNW,10044,2577,100.0,2026-04-06
WORX,10051,1956,15.0,2023-10-11
WORX,10051,2581,15.0,2026-04-10
WPG,10060,1252,9.0,2020-12-22
WRB,10069,817,0.6666666666666666,2019-04-03
WRB,10069,1567,0.6666666666666666,2022-03-24
WRB,10069,2143,0.6666666666666666,2024-07-11
WSM,10087,2141,0.5,2024-07-09
WTO,10106,2323,10.0,2025-03-31
WTO,10106,2487,100.0,2025-11-21
WTO,10106,2544,5.0,2026-02-17
WTO,10106,2630,10.0,2026-06-22
WYY,10132,1222,10.0,2020-11-09
XAGE,10134,2354,30.0,2025-05-14
XAIR,10135,2394,20.0,2025-07-14
XAIR,10135,2644,20.0,2026-07-13
XBP,10140,2502,10.0,2025-12-15
XELA,10149,1274,3.0,2021-01-26
XFOR,10157,2342,30.0,2025-04-28
XHLD,10160,2493,15.0,2025-12-02
XOS,10182,1996,30.0,2023-12-07
XPO,10192,1404,0.5820721769499418,2021-08-02
XPO,10192,1720,0.5941770647653001,2022-11-01
XPON,10195,2206,100.0,2024-10-09
XPRO,10196,1448,6.0,2021-10-04
XRTX,10203,1980,9.0,2023-11-14
XTKG,10209,2238,20.0,2024-11-22
XTKG,10209,2556,30.0,2026-03-05
XWEL,10214,790,20.0,2019-02-25
XWEL,10214,1117,3.0,2020-06-11
XXII,10218,1887,15.0,2023-07-05
XXII,10218,2074,16.0,2024-04-02
XXII,10218,2529,15.0,2026-01-26
XXII,10218,2625,20.0,2026-06-12
YAAS,10224,2449,80.0,2025-09-30
YDKG,10232,2482,100.0,2025-11-14
YGMZ,10242,2480,16.0,2025-11-12
YHC,10245,2337,35.0,2025-04-21
YHC,10245,2644,100.0,2026-07-13
YOSH,10261,2407,0.25,2025-07-31
YTEN,10271,1016,40.0,2020-01-16
YVR,10278,1910,4.0,2023-08-07
YYAI,10279,2607,40.0,2026-05-18
YYGH,10280,2568,50.0,2026-03-23
YYGH,10280,2631,30.0,2026-06-23
ZBAI,10286,2413,18.0,2025-08-08
ZCAR,10292,2318,20.0,2025-03-24
ZCMD,10293,2553,8.0,2026-03-02
ZDAI,10295,2546,16.0,2026-02-19
ZEV,10305,1842,20.0,2023-04-28
ZIVO,10321,1968,6.0,2023-10-27
ZSPC,10342,2588,25.0,2026-04-21
ZVSA,10355,1994,35.0,2023-12-05
