spell,ticker,last_bar,year,master_inactive,member_at_last_bar,final_20_session_log_return_raw
2,AABA,2019-10-02,2019,True,True,-1.2652744316471802
24,AAN,2024-10-03,2024,True,False,0.009960241705055434
37,AAWW,2023-03-17,2023,True,False,0.005675717359799599
43,ABC,2023-08-29,2023,True,True,-0.04943024205860939
57,ABMD,2022-12-21,2022,True,True,0.007957671567701169
89,ACC,2022-08-09,2022,True,True,0.009522418752008906
114,ACIA,2021-02-26,2021,True,True,0.006368614764256805
119,ACLX,2026-04-27,2026,True,True,0.0043546489298326215
198,ADSW,2020-10-29,2020,True,False,0.00033008747617758284
299,AGN,2020-05-08,2020,True,True,0.05768882565313223
354,AIMC,2023-03-24,2023,True,True,0.007286891607203101
364,AIRC,2024-06-27,2024,True,True,0.00951286258502525
381,AJRD,2023-07-27,2023,True,True,0.05112086572948046
395,AKRO,2025-12-08,2025,True,True,0.011224701530549405
403,AL,2026-04-07,2026,True,True,0.0033903561524539164
464,ALPN,2024-05-17,2024,True,True,0.006485507599788205
482,ALTM,2025-03-05,2025,True,True,0.01553094203087666
484,ALTR,2025-03-25,2025,True,True,0.002506491331050242
496,ALXN,2021-07-20,2021,True,True,0.010133361300848678
522,AMED,2025-08-14,2025,True,False,0.035476863689346876
523,AMEH,2024-02-23,2024,True,False,0.14048488859616828
553,AMRS,2023-08-18,2023,True,False,-2.9224086091351476
609,ANSS,2025-07-16,2025,True,True,0.09914600702111863
615,ANY,2026-09-16,2026,True,False,0.39856852904910406
634,APC,2019-08-08,2019,False,False,0.010915479708110246
647,APGE,2026-09-02,2026,True,True,0.006238416073128119
650,APHA,2021-04-30,2021,True,True,-0.16394833653733534
657,APLS,2026-05-13,2026,True,True,0.004519091660262218
681,APTS,2022-06-23,2022,True,True,0.002402884616310316
700,AQUA,2023-05-23,2023,True,True,0.015353836972948794
715,ARCH,2025-01-13,2025,True,False,-0.137279089404065
752,ARNA,2022-03-10,2022,True,True,0.06775066190784108
753,ARNC,2023-08-17,2023,True,False,0.005349394234260686
760,ARQL,2020-01-15,2020,True,False,-0.00598207167754754
764,ARRS,2019-04-03,2019,True,True,0.0
775,ARVL,2024-01-29,2024,True,False,-0.9039702474861145
829,ASTR,2024-07-17,2024,True,False,0.02213558772069972
854,ATH,2021-12-31,2021,True,True,0.010495301115361436
856,ATHN,2019-02-11,2019,True,False,0.011998504416575654
899,ATUS,2025-11-18,2025,True,False,-0.2636526477249456
901,ATVI,2023-10-12,2023,True,True,0.023575888339581214
933,AUY,2023-03-31,2023,True,True,0.08747768616105436
940,AVB,2026-08-14,2026,True,True,-0.044990194330533265
959,AVLR,2022-10-18,2022,True,True,0.01378737910810917
978,AVYA,2023-02-13,2023,True,False,-0.024045658789551907
992,AXE,2020-06-19,2020,True,False,0.040672967982610754
1003,AXNX,2024-11-14,2024,True,False,0.009626348401731207
1019,AYX,2024-03-18,2024,True,True,0.00832297771665841
1021,AZEK,2025-06-30,2025,True,True,0.09326994419388686
1026,AZPN,2025-03-11,2025,True,True,-0.0044165181352454775
1071,BBBY,2023-05-02,2023,True,False,-1.6331232301756096
1079,BBIG,2023-07-27,2023,True,False,1.3149083020333419
1153,BECN,2025-04-28,2025,True,True,0.002822696337664687
1164,BERY,2025-04-29,2025,True,True,-0.03246518469616624
1182,BFT,2021-03-30,2021,True,True,-0.04784364256540115
1233,BIG,2024-09-06,2024,True,False,-0.7291265506044123
1234,BIGC,2025-07-31,2025,True,False,-0.05494769678390378
1263,BITF,2026-04-02,2026,True,False,-0.11441035117774434
1272,BK,2026-05-20,2026,True,True,0.009375984302336382
1280,BKI,2023-09-01,2023,True,True,0.057872999177860956
1299,BLD,2026-06-30,2026,True,True,-0.1506914394684333
1306,BLI,2023-03-21,2023,True,False,-0.32449604557449724
1329,BLUE,2025-05-30,2025,True,False,0.2047029589900896
1353,BMS,2019-06-10,2019,True,True,-0.014565889570092135
1414,BPL,2019-10-31,2019,True,True,0.0028985527540112575
1415,BPMC,2025-07-17,2025,True,True,0.00954642664633972
1424,BPY,2021-07-26,2021,True,True,-0.02181517743308779
1605,BYON,2025-08-28,2025,True,False,0.053302447870645316
1628,CADE,2026-01-30,2026,True,True,-0.017187003405711665
1702,CBAY,2024-03-21,2024,True,True,0.00959017404254201
1714,CBLK,2019-10-07,2019,True,True,-0.000384541439078148
1730,CBS,2019-12-04,2019,True,True,0.08387228608334132
1764,CCIV,2021-07-23,2021,True,True,-0.024441135159145578
1771,CCMP,2022-07-05,2022,True,True,-0.03862486788264548
1794,CCXI,2022-10-19,2022,False,False,0.003661243130187165
1800,CDAY,2024-01-31,2024,True,True,0.051656754532089566
1802,CDEV,2022-09-01,2022,True,True,0.2192142731743202
1805,CDK,2022-07-05,2022,True,True,0.001644887513340258
1819,CDTX,2026-01-06,2026,True,True,0.004618109352962095
1830,CEIX,2025-01-14,2025,True,True,-0.16959154047194838
1833,CELG,2019-11-20,2019,True,True,0.030485876335682706
1857,CERE,2024-07-31,2024,True,True,0.08660705886662712
1858,CERN,2022-06-07,2022,True,True,0.01325646434652364
1885,CFLT,2026-03-16,2026,True,True,0.013972607501337091
1895,CFX,2022-04-04,2022,True,True,0.07273037171544043
1945,CHK,2024-10-01,2024,True,True,0.12081057006919678
1953,CHNG,2022-09-30,2022,True,True,0.10499681316245509
1977,CHX,2025-07-15,2025,True,True,-0.032777324463400516
1990,CIIC,2021-03-24,2021,True,False,-0.15017453144761886
2005,CIT,2022-01-03,2022,True,False,0.11370258697522158
2010,CIVI,2026-01-29,2026,True,False,0.004759298751049649
2049,CLDR,2021-10-07,2021,True,True,0.0037594029239057455
2056,CLGX,2021-06-03,2021,True,True,0.004008021397538647
2077,CLR,2022-11-22,2022,True,False,0.004588402112196245
2087,CLVS,2022-12-20,2022,True,False,-1.4627307253195019
2095,CMA,2026-01-30,2026,True,True,0.019818416300942537
2222,COMM,2026-01-13,2026,True,False,0.007175838070071191
2226,CONE,2022-03-24,2022,True,True,0.0024376743373003174
2230,COOP,2025-09-30,2025,True,True,0.14526355166697322
2250,COUP,2023-02-27,2023,True,True,0.015181974033068963
2268,CPE,2024-03-28,2024,True,False,0.13769472930276577
2270,CPG,2024-05-14,2024,True,True,0.005837728195685625
2287,CPRX,2026-07-14,2026,True,False,0.004136839630726126
2309,CRC,2020-07-15,2020,False,False,-0.4550620492475367
2322,CREE,2021-10-01,2021,True,True,-0.09425253824618927
2345,CRNX,2026-08-31,2026,True,True,0.014107281555659542
2368,CRZO,2019-12-20,2019,True,True,0.18155556671437195
2387,CSOD,2021-10-14,2021,True,True,0.004707532013235501
2425,CTL,2020-09-17,2020,True,True,-0.026022105363199977
2427,CTLT,2024-12-17,2024,True,True,0.07692323466743688
2436,CTRA,2026-05-06,2026,True,True,-0.027266154424338346
2457,CTXS,2022-09-29,2022,True,True,0.010935416468199972
2484,CVAC,2026-01-05,2026,True,False,-0.09413899091386191
2491,CVET,2022-10-12,2022,True,False,0.005254370818103639
2521,CWAN,2026-06-24,2026,True,False,0.007766235641826735
2540,CXO,2021-01-15,2021,True,False,0.06291382541056918
2545,CY,2020-04-15,2020,True,True,0.06998292602081795
2550,CYBR,2026-02-10,2026,True,True,-0.11100676883664329
2593,DATA,2019-07-31,2019,True,True,0.003190360735129276
2594,DATS,2025-08-08,2025,True,False,0.03643739620243105
2597,DAY,2026-02-03,2026,True,True,0.007471299121808492
2621,DCP,2023-06-14,2023,True,False,0.005532184885071869
2654,DEN,2023-11-01,2023,True,True,-0.052082515917889524
2674,DFS,2025-05-16,2025,True,True,0.22570869802685642
2717,DISCA,2022-04-08,2022,True,True,0.018174808418045987
2719,DISCK,2022-04-08,2022,True,True,0.018599420236265676
2720,DISH,2023-12-29,2023,True,False,0.4552089331067332
2745,DM,2025-04-01,2025,True,False,0.8835659475865194
2774,DNB,2019-02-07,2019,True,False,0.010750927202144477
2775,DNB,2025-08-25,2025,True,False,0.0043811680155630955
2779,DNKN,2020-12-14,2020,True,True,0.003292416313125196
2781,DNMR,2024-12-30,2024,True,False,-0.45352476992865015
2802,DOOR,2024-05-14,2024,True,True,0.016393809775676352
2813,DPHC,2020-10-23,2020,True,True,-0.27148906759820146
2825,DRE,2022-09-30,2022,True,True,-0.19844263993421668
2859,DSW,2019-04-01,2019,True,False,-0.2383975613240408
2889,DVAX,2026-02-09,2026,True,False,0.0058233745931766
2893,DVMT,2018-12-27,2018,True,False,-0.26869036627018006
2899,DWAC,2024-03-25,2024,True,True,0.05599322118653685
2901,DWDP,2019-05-31,2019,True,True,-0.12749255328067585
2928,EA,2026-08-04,2026,True,True,0.02052391740627784
2951,ECA,2020-01-24,2020,True,False,-0.18714718581177844
2977,EDR,2025-03-21,2025,True,False,-0.05001042057466142
3053,ELLI,2019-04-16,2019,True,True,0.0028325765019195192
3104,ENDP,2022-08-25,2022,True,False,-0.5987764089975561
3139,ENV,2024-11-22,2024,True,False,0.006195905117952427
3157,EPAY,2022-05-12,2022,True,False,0.0038677966642733075
3182,EQM,2020-06-16,2020,True,False,0.12404384426425426
3185,EQR,2026-08-17,2026,True,True,-0.07764732308535119
3196,ERF,2024-05-30,2024,True,True,0.038563885606603614
3197,ERI,2020-07-20,2020,True,True,-0.09402559699809
3224,ESL,2019-03-13,2019,True,True,0.005156549179245798
3235,ESPR,2026-07-10,2026,True,False,0.012658396871923465
3245,ESV,2019-07-30,2019,True,True,-0.05413086081591104
3253,ETFC,2020-10-01,2020,True,True,-0.11185581879223341
3265,ETRN,2024-07-19,2024,True,True,-0.061666042028901295
3280,EVBG,2024-07-01,2024,True,False,0.006880761092222507
3323,EXAS,2026-03-20,2026,True,True,0.014207784353681887
3340,EXPI,2026-05-07,2026,True,False,0.11796851279685763
3404,FCAU,2021-01-15,2021,True,False,-0.14178678300480438
3433,FDC,2019-07-26,2019,True,True,0.15757507007661958
3461,FEYE,2021-10-04,2021,True,True,-0.07149889689485696
3478,FGEN,2026-01-07,2026,True,False,0.1496978552066234
3496,FI,2025-11-10,2025,True,True,-0.6527659196233774
3517,FIT,2021-01-13,2021,True,False,-0.03960913809504583
3528,FL,2025-09-05,2025,True,True,-0.04240341729771194
3539,FLIR,2021-05-13,2021,True,True,-0.01865983650437109
3553,FLT,2024-03-22,2024,True,True,0.0755243634362833
3602,FNSR,2019-09-23,2019,True,False,0.06249321552003612
3610,FOCS,2023-08-30,2023,True,False,0.013680623779840303
3614,FOLD,2026-04-24,2026,True,False,0.004149383546811618
3653,FRC,2023-04-28,2023,True,True,-1.361049601822583
3698,FSCT,2020-08-14,2020,True,False,0.003109347815177587
3714,FSR,2024-03-25,2024,True,False,-1.9044036622454212
3730,FTCH,2023-12-15,2023,True,False,-0.990043053628467
3757,FTSV,2020-04-06,2020,True,False,0.010207928681555779
3804,FYBR,2026-01-16,2026,True,True,0.00861062071556911
3823,GAN,2025-05-23,2025,True,False,0.1184177548144744
3852,GBT,2022-10-04,2022,True,True,0.008946308843788234
3875,GDI,2020-02-28,2020,True,True,-0.09921173292099296
3912,GES,2026-01-22,2026,True,False,0.003575689149448703
3929,GG,2019-04-17,2019,True,True,0.013495481474884727
3936,GGPI,2022-06-23,2022,True,False,0.0981637576279753
3942,GHDX,2019-11-07,2019,True,False,-0.067941457238058
3943,GHIV,2021-01-21,2021,True,False,0.049743824998568914
4025,GLUU,2021-04-28,2021,True,False,0.002402884616310316
4048,GMS,2025-09-03,2025,True,True,0.0030056036105963898
4080,GOEV,2025-01-28,2025,True,False,-1.4325072042750222
4114,GPOR,2020-11-25,2020,False,False,-0.6533189076084324
4119,GPS,2024-08-21,2024,True,True,0.14059732175727047
4122,GRA,2021-09-21,2021,True,False,0.008033323936266146
4211,GTLS,2026-07-15,2026,True,True,0.015411140602842873
4240,GWR,2019-12-27,2019,True,True,0.004838285578397166
4286,HBI,2025-11-28,2025,True,False,-0.02593585497553327
4322,HCP,2019-11-04,2019,True,False,-0.014979475652519364
4323,HCP,2025-02-26,2025,True,True,0.014188742451308
4335,HDS,2020-12-23,2020,True,False,0.004295693020573863
4342,HEES,2025-05-30,2025,True,False,0.04927104900678263
4353,HES,2025-07-17,2025,True,True,0.03178117994351515
4358,HFC,2022-03-14,2022,True,True,-0.0594762653762998
4427,HMHC,2022-04-06,2022,True,True,-0.0004753981549005488
4457,HOLX,2026-04-06,2026,True,True,0.0035584881043004284
4459,HOME,2021-07-22,2021,True,True,0.005965310531182039
4498,HRC,2021-12-10,2021,True,True,0.005529493931903437
4507,HRS,2019-06-28,2019,True,True,0.010310465487125118
4534,HTA,2022-07-20,2022,True,True,0.05239377167273066
4612,HZNP,2023-10-05,2023,True,True,0.007682054092305344
4615,I,2020-05-18,2020,True,False,-1.1918769429393712
4617,IAA,2023-03-20,2023,True,True,-0.03860344109031828
4618,IAC,2026-06-03,2026,True,False,0.02105340919783248
4665,ICPT,2023-11-07,2023,True,False,0.01966579455294346
4674,IDEX,2024-07-10,2024,True,False,-0.0395484566423132
4682,IDTI,2019-03-29,2019,True,True,0.013356820375146404
4709,IGT,2025-07-01,2025,True,False,0.10816096829232134
4747,IMGN,2024-02-09,2024,True,True,0.050232125486333275
4753,IMMU,2020-10-22,2020,True,True,0.029570184049999993
4765,IMPV,2019-01-09,2019,True,True,0.003954705855252964
4797,INFA,2025-11-17,2025,True,False,-0.0024174064955386574
4856,INXN,2020-03-12,2020,True,True,-0.14299749247917268
4884,IPG,2025-11-26,2025,True,True,-0.04729671470306516
4886,IPHI,2021-04-20,2021,True,True,0.041361506529015844
4892,IPOB,2020-12-18,2020,True,True,0.4180868004825952
4896,IPOE,2021-05-28,2021,True,False,0.1699909443364759
4897,IPOF,2022-10-14,2022,True,False,0.0019960086467148783
4917,IRBT,2025-12-19,2025,True,False,-1.1133685155590238
4927,IRNT,2023-08-04,2023,True,False,-0.5095649869775459
4938,ISBC,2022-04-06,2022,True,False,-0.11497528442350538
4941,ISEE,2023-07-10,2023,True,True,0.04453141075347517
4963,ITCI,2025-04-01,2025,True,True,0.00478888072670686
5055,JHG,2026-06-30,2026,True,True,0.004243833529812783
5076,JNPR,2025-07-01,2025,True,True,0.10772738066809252
5111,JWN,2025-05-20,2025,True,True,0.02463178718966542
5121,K,2025-12-10,2025,True,True,0.0014391942997457783
5135,KAR,2025-12-24,2025,True,False,0.20724087901883712
5203,KL,2022-02-08,2022,True,True,-0.04225980928988261
5254,KORS,2018-12-31,2018,True,False,-0.14415513999557927
5282,KRTX,2024-03-15,2024,True,True,0.03216444362227982
5291,KSU,2021-12-13,2021,True,True,-0.057447891335095064
5354,LB,2021-08-02,2021,False,False,0.07628559362649026
5368,LBRDK,2026-08-19,2026,True,False,0.16963173133563408
5377,LC,2026-06-18,2026,True,False,0.19037052096147566
5379,LCA,2020-12-29,2020,True,False,0.24255394483403306
5407,LEG,2026-08-26,2026,True,False,-0.11002353988547231
5419,LEV,2024-12-16,2024,True,False,-0.30010459245033816
5434,LFG,2022-12-27,2022,True,True,0.0050125418235441935
5471,LGVW,2021-02-12,2021,True,True,0.09409616647450642
5477,LHCG,2023-02-21,2023,True,True,0.03231685693542423
5534,LLL,2019-06-28,2019,True,False,0.012766218163563188
5541,LM,2020-07-31,2020,True,True,0.005616865318897689
5573,LNW,2025-11-12,2025,True,True,0.09968065356407799
5586,LOGC,2025-06-03,2025,True,False,0.015703391928449762
5588,LOGM,2020-08-28,2020,True,True,0.0026767545804998174
5600,LOXO,2019-02-14,2019,True,True,0.0059839467325740105
5610,LPSN,2026-09-03,2026,True,False,0.3384095959614392
5611,LPT,2020-02-03,2020,True,True,0.026166660531610923
5639,LSI,2023-07-19,2023,True,True,0.03688535057611163
5644,LSXMA,2024-09-09,2024,True,False,0.041214624303463177
5646,LSXMK,2024-09-09,2024,True,False,0.04308640772314389
5654,LTHM,2024-01-03,2024,True,True,0.19979618731721868
5679,LVGO,2020-10-29,2020,True,True,-0.008123174210198245
5756,MASI,2026-06-09,2026,True,True,0.00809043330534591
5767,MAXR,2023-05-02,2023,True,True,0.032412464327946866
5852,MDCO,2020-01-03,2020,True,True,0.009824308170096253
5859,MDLA,2021-10-28,2021,True,True,0.0035366968783444716
5866,MDR,2020-01-17,2020,True,False,-0.4290749737472982
5869,MDSO,2019-10-28,2019,True,True,0.007838054497083942
5949,MGP,2022-04-28,2022,True,False,0.05681943078585502
5981,MIK,2021-04-14,2021,True,True,0.0027347327891435952
5984,MIME,2022-05-18,2022,True,True,0.003384097984240494
6037,MLNX,2020-04-24,2020,True,True,0.035783596944284075
6047,MMC,2026-01-13,2026,True,True,-0.019029605709710157
6054,MMP,2023-09-22,2023,True,True,0.053278482487021585
6065,MNDT,2022-09-09,2022,True,True,0.005235614053945164
6069,MNK,2020-10-09,2020,True,False,-0.4700036292457356
6081,MNTA,2020-09-30,2020,True,True,0.006307963189052067
6101,MODG,2026-01-15,2026,True,False,0.2519958593123853
6112,MORF,2024-08-15,2024,True,False,0.011826101997121292
6164,MRO,2024-11-21,2024,True,True,0.07829292594974883
6170,MRTX,2024-01-22,2024,True,True,-0.004419521047030407
6171,MRUS,2025-12-29,2025,True,True,-0.06599579213554954
6236,MTOR,2022-08-02,2022,True,False,0.005219075162201241
6244,MTSR,2025-11-13,2025,True,False,0.28796580064207977
6245,MTTR,2025-02-27,2025,True,False,0.0378833179023015
6280,MXIM,2021-08-25,2021,True,True,0.056747862669242956
6289,MYL,2020-11-16,2020,True,True,0.027819539855127334
6293,MYOK,2020-11-16,2020,True,True,0.013293247110662704
6322,NARI,2025-02-18,2025,True,True,0.0052658095600027115
6325,NATI,2023-10-10,2023,True,True,0.005181791786872415
6331,NAV,2021-06-30,2021,True,False,0.004053146733166217
6341,NBEV,2022-09-07,2022,True,False,-1.0307646740347194
6343,NBIS,2022-02-25,2022,False,True,-0.8210861431158075
6346,NBL,2020-10-02,2020,True,True,-0.1388364448542158
6372,NCR,2023-10-16,2023,True,False,0.016381602371885764
6401,NEP,2025-01-31,2025,True,False,-0.5240209141848232
6421,NEWR,2023-11-07,2023,True,True,0.012842196508869079
6451,NGA,2021-05-06,2021,True,False,-0.06407459164653137
6456,NGD,2026-03-19,2026,True,True,-0.27046420750428185
6498,NKLA,2025-02-25,2025,True,False,-1.57406552268141
6507,NLS,2023-10-31,2023,True,False,0.04665933020742243
6508,NLSN,2022-10-11,2022,True,True,0.0042980008856754615
6554,NOVA,2025-06-06,2025,True,False,0.13081030251016196
6603,NSA,2026-07-21,2026,True,False,-0.030178126750481486
6648,NTRI,2019-03-07,2019,True,True,-0.010206537223028873
6658,NUAN,2022-03-03,2022,True,True,0.010413020481543831
6670,NUVA,2023-08-31,2023,True,False,-0.006269613013595373
6672,NUVL,2026-07-14,2026,True,True,0.005744119996747976
6699,NVRO,2025-04-02,2025,True,False,0.00859850525523177
6703,NVTA,2024-02-05,2024,True,False,-1.7555719365882687
6751,NYCB,2024-10-25,2024,True,False,-0.08273685136451803
6771,OAK,2019-09-27,2019,True,True,-0.011962326709257452
6880,OLPX,2026-07-06,2026,True,False,0.014598799421152631
6906,ONCE,2019-12-16,2019,True,True,0.02460236395532079
6916,ONEM,2023-02-21,2023,True,False,0.015912208441964202
7001,OSH,2023-05-01,2023,True,True,0.008238975544552862
7015,OSTK,2023-11-03,2023,True,False,-0.039724849372396
7033,OTRK,2025-08-15,2025,True,False,-0.5291472054946592
7083,PACW,2023-11-30,2023,True,False,0.047531010286909293
7132,PBCT,2022-04-01,2022,True,True,-0.041378253998735195
7179,PDCE,2023-08-04,2023,True,False,0.03240849179257813
7180,PDCO,2025-04-16,2025,True,False,0.004158010148663677
7191,PE,2021-01-12,2021,True,True,0.16394449605411038
7192,PEAK,2024-03-01,2024,True,True,-0.09584167064861929
7203,PEGI,2020-03-13,2020,True,True,-0.028025432998728537
7245,PFPT,2021-08-30,2021,True,True,0.006215981920420008
7305,PING,2022-10-17,2022,True,True,0.009164674649563593
7329,PLAN,2022-06-21,2022,True,True,-0.019885694890174766
7342,PLL,2025-08-29,2025,True,False,-0.0027548226788445085
7398,PNM,2024-08-02,2024,True,False,0.14229087360209824
7436,PPD,2021-12-07,2021,True,True,0.0006347191580911288
7456,PRAH,2021-06-30,2021,True,True,-0.027992636735386465
7465,PRFT,2024-10-01,2024,True,False,0.010321647808053067
7486,PRNB,2020-09-25,2020,True,True,-0.008162498037001645
7487,PRO,2025-12-08,2025,True,False,0.005174655790017487
7503,PRSP,2021-05-06,2021,True,True,0.005468229620196122
7521,PS,2021-04-05,2021,False,False,0.08794317360129905
7526,PSB,2022-07-19,2022,True,True,0.00814232053599388
7544,PSTG,2026-04-16,2026,True,True,0.051603853396257636
7545,PSTH,2022-07-25,2022,True,False,0.008977616407098384
7569,PTLA,2020-07-01,2020,True,False,0.005561749598184581
7621,PXD,2024-05-02,2024,True,False,-0.0008156304904766912
7650,QEP,2021-03-16,2021,True,False,0.16772275737280198
7679,QRTEA,2025-02-21,2025,True,False,-0.046558020385491214
7696,QTS,2021-08-31,2021,True,True,0.004112059250930208
7723,RAD,2023-10-13,2023,True,False,-0.02963517532860406
7738,RARX,2020-04-01,2020,True,True,0.021696480350313123
7774,RCM,2024-11-18,2024,True,False,0.004903687584529776
7783,RDBX,2022-08-10,2022,True,False,-1.1106606271842843
7784,RDC,2019-04-10,2019,True,False,-0.0714905122115032
7787,RDFN,2025-06-30,2025,True,False,0.11343592966337168
7801,RE,2023-07-07,2023,True,True,0.006654980790301247
7814,REGI,2022-06-10,2022,True,True,0.005707312679290873
7835,RETA,2023-09-25,2023,True,True,0.019686597824563803
7875,RHT,2019-07-08,2019,True,True,0.012166839086940296
7883,RIDE,2023-07-06,2023,True,False,-0.3429447511268303
7939,RMO,2022-10-14,2022,True,False,-0.41513251351030117
7999,RP,2021-04-21,2021,True,True,0.015905811360368585
8051,RTN,2020-04-02,2020,True,True,-0.4559258626881516
8075,RVNC,2025-02-05,2025,True,False,0.050572573635632334
8091,RXDX,2023-06-15,2023,True,True,0.03553802678428929
8124,SAFM,2022-07-21,2022,True,True,-0.02191496605568881
8129,SAGE,2025-07-30,2025,True,False,-0.045052663940943136
8137,SAIL,2022-08-15,2022,False,False,0.02404521336953874
8161,SATS,2026-06-23,2026,True,True,-0.17831991222834195
8165,SAVA,2026-03-10,2026,True,False,0.14926069453306665
8166,SAVE,2024-11-15,2024,True,False,-0.30830135965451655
8175,SBE,2021-02-26,2021,True,True,-0.2485716354105353
8189,SBNY,2023-03-10,2023,True,True,-0.6512084913396151
8203,SC,2022-01-28,2022,True,False,-0.017632098439501576
8208,SCG,2018-12-31,2018,True,False,0.03557729567904924
8255,SDC,2023-10-03,2023,True,False,-1.7961940662959208
8273,SEAS,2024-02-12,2024,True,False,-0.0049578683607868854
8279,SEE,2026-04-08,2026,True,True,0.005710222510884272
8320,SFLY,2019-09-24,2019,True,False,0.0031440387463098156
8340,SGEN,2023-12-13,2023,True,True,0.06684364449024488
8341,SGFY,2023-03-28,2023,True,True,0.05737065637607899
8380,SHLL,2020-10-01,2020,True,True,-0.21800903841556316
8419,SINA,2021-03-22,2021,True,False,-0.0030005792853466688
8434,SIVB,2023-03-09,2023,True,True,-1.1057538337733792
8435,SIX,2024-07-01,2024,True,False,0.22902015980319476
8437,SJI,2023-01-31,2023,True,True,0.015638408621761603
8450,SKLZ,2026-06-18,2026,True,False,0.20381792535269427
8453,SKX,2025-09-11,2025,True,True,0.0017439560504057955
8467,SLCA,2024-07-31,2024,True,False,0.0032331098321471624
8505,SMAR,2025-01-21,2025,True,True,0.009072373887464786
8549,SNBR,2026-06-22,2026,True,False,-2.667228206581955
8586,SNV,2025-12-31,2025,True,False,0.025907136039268263
8604,SOLO,2024-03-25,2024,True,False,-0.19154685871533708
8658,SPLK,2024-03-15,2024,True,True,0.009541873811466402
8672,SPR,2025-12-05,2025,True,False,0.10255152504677137
8678,SPRT,2021-09-14,2021,True,False,0.40886069710930273
8691,SQ,2025-01-17,2025,True,True,-0.08368055229151249
8702,SRC,2024-01-22,2024,True,True,-0.028656591074425194
8705,SRCL,2024-11-01,2024,True,True,0.015937888186290907
8716,SRNE,2023-02-22,2023,True,False,-1.189881140698866
8770,STAY,2021-06-15,2021,True,False,0.03582472651814501
8798,STL,2022-01-31,2022,True,False,0.01920181884853643
8805,STMP,2021-10-04,2021,True,True,0.00246047419887438
8813,STOR,2023-02-02,2023,True,True,0.0040441803447938615
8815,STPK,2021-04-28,2021,True,True,-0.03652868773350658
8853,SUM,2025-02-10,2025,True,False,0.00841788020323059
8863,SUNW,2024-02-14,2024,True,False,-1.1954364733036498
8899,SWAV,2024-05-30,2024,True,True,0.014776296172637418
8905,SWCH,2022-12-05,2022,True,True,0.007326040092072881
8919,SWN,2024-09-30,2024,True,True,0.10833414645845109
8922,SWTX,2025-06-30,2025,True,True,0.005976538600707775
8940,SYMC,2019-11-04,2019,True,True,0.011859520617718222
8945,SYNH,2023-09-27,2023,True,True,0.007004464780811738
9021,TCF,2021-06-08,2021,True,False,-0.040131184917099404
9028,TCN,2024-05-01,2024,True,False,0.008032171697264253
9029,TCO,2020-12-28,2020,True,True,0.005130608269372783
9060,TECD,2020-06-29,2020,True,True,0.055333262758368015
9068,TELL,2024-10-08,2024,True,False,0.060874903384503895
9077,TERN,2026-05-04,2026,True,True,0.00321574097223749
9110,TGNA,2026-03-19,2026,True,False,-0.04108157141138251
9141,THS,2026-02-10,2026,True,False,0.01692506861781162
9147,TIF,2021-01-06,2021,True,True,0.001446352020114008
9207,TMHC,2026-07-23,2026,True,True,0.007203244887426466
9208,TMK,2019-08-08,2019,True,True,-0.03983172002429571
9225,TMX,2022-10-11,2022,True,False,-0.15048483418461228
9278,TPH,2026-05-13,2026,True,True,0.004055069050404272
9281,TPIC,2025-08-18,2025,True,False,-1.9463596377694776
9289,TPTX,2022-08-16,2022,True,True,0.017117116657361937
9292,TPX,2025-02-14,2025,True,True,0.14426464941648978
9304,TRCO,2019-09-18,2019,True,True,0.004295539251020658
9352,TRTN,2023-09-27,2023,True,True,-0.0491791819045692
9371,TSG,2020-05-04,2020,True,True,0.38355386483145426
9378,TSP,2024-02-06,2024,True,False,-1.192224057291388
9383,TSRO,2019-01-18,2019,True,True,0.028003182536045168
9384,TSS,2019-09-17,2019,True,True,0.03465995792009273
9393,TTCF,2023-07-11,2023,True,False,-1.2942068310984003
9415,TUP,2024-09-16,2024,True,False,-0.8219606560393001
9424,TVPT,2019-05-30,2019,True,False,0.005092308903712584
9446,TWNK,2023-11-06,2023,True,True,0.006024114603380876
9449,TWO,2026-08-24,2026,True,False,0.004938281640582577
9451,TWOU,2024-08-06,2024,True,False,-1.0127509980617173
9453,TWTR,2022-10-27,2022,True,True,0.22827775162381747
9491,UBNT,2019-08-19,2019,True,True,-0.19773995269379932
9518,UFS,2021-11-29,2021,True,False,0.016352108544143505
9540,UMPQ,2023-02-28,2023,True,False,0.001700198766035066
9554,UNVR,2023-07-31,2023,True,True,0.008335697057352588
9614,UTX,2020-04-02,2020,True,True,-0.38530431878402865
9633,VAL,2020-08-14,2020,False,False,-0.6135462944608002
9640,VAR,2021-04-14,2021,True,True,0.0049254211160464295
9658,VCRA,2022-02-22,2022,True,True,0.0036715873365825197
9680,VER,2021-10-29,2021,True,True,0.08849449325201163
9694,VG,2022-07-20,2022,False,False,0.22445455799742414
9713,VIAB,2019-12-04,2019,True,True,0.07856430751428263
9749,VLDR,2023-02-10,2023,True,False,0.26177713527427177
9768,VMEO,2025-11-21,2025,True,False,0.008957193604016754
9773,VMW,2023-11-21,2023,True,True,-0.056023107448656864
9776,VNE,2022-03-31,2022,True,False,0.03469510989214199
9810,VRN,2025-05-09,2025,True,True,0.09414613211322646
9813,VRNT,2025-11-25,2025,True,False,0.012757778531741275
9834,VSLR,2020-10-07,2020,True,True,0.35488585688960705
9835,VSM,2019-10-04,2019,True,True,0.016170807999314977
9857,VTNR,2024-10-07,2024,True,False,-1.8483490143902148
9868,VVC,2019-01-31,2019,True,True,0.006375627972231409
9880,VXRT,2025-07-07,2025,True,False,-0.21182979141393637
9912,WBA,2025-08-27,2025,True,True,0.029650626156730253
9914,WBC,2020-05-28,2020,True,True,0.018191731436366206
9920,WBS,2026-08-19,2026,True,True,0.012192109520467242
9921,WBT,2022-07-28,2022,True,True,0.007525119122511278
9928,WCG,2020-01-23,2020,True,True,0.05749131843559327
10000,WIRE,2024-07-01,2024,True,True,0.0038370512189488267
10002,WISH,2024-05-10,2024,True,False,0.025667746748577813
10020,WLL,2022-06-30,2022,True,False,-0.3082323601029863
10031,WMGI,2020-11-10,2020,True,False,-0.0178517137418046
10043,WNS,2025-10-16,2025,True,False,0.003799048258227664
10049,WORK,2021-07-20,2021,True,True,0.014036099879721101
10053,WP,2019-07-30,2019,True,True,0.06558598311462308
10064,WPX,2021-01-06,2021,True,False,0.14587816939259476
10072,WRK,2024-07-05,2024,True,True,-0.0397731044992625
10122,WWE,2023-09-11,2023,True,True,-0.10416755398935446
10130,WYND,2021-02-16,2021,True,False,0.08738035150821895
10133,X,2025-06-17,2025,True,True,0.27583903372862534
10147,XEC,2021-09-30,2021,True,True,0.28508605663940595
10165,XL,2022-11-11,2022,True,False,0.3047865885398708
10167,XLNX,2022-02-11,2022,True,True,0.018589532078393905
10169,XLRN,2021-11-19,2021,True,True,0.027220279976165957
10171,XM,2023-06-27,2023,True,True,0.0044198966981512855
10223,Y,2022-10-18,2022,True,True,0.0058439573879302065
10254,YNDX,2022-02-25,2022,True,True,-0.8210861431158075
10285,ZAYO,2020-03-06,2020,True,True,0.0022889852626521265
10298,ZEN,2022-11-21,2022,True,True,0.017446087584443822
10313,ZI,2025-05-12,2025,True,False,0.262461262382112
10332,ZNGA,2022-05-20,2022,True,True,-0.08435912612343854
10350,ZUO,2025-02-13,2025,True,False,0.004000005333346137
