snapshot_date,listed,with_bars,missing,missing_share,members_among_with_bars,p_member_given_bars,expected_missing_members,upper_bound_missing_members,matched_via_figi
2019-01-02,4581,4427,154,0.0336171141672124,963,0.21752880054212786,36.20614693074902,154,73
2019-04-01,4545,4408,137,0.030143014301430144,960,0.2177858439201452,30.293820656593375,137,76
2019-07-01,5018,4469,549,0.10940613790354722,963,0.21548444842246586,187.74679300785448,549,79
2019-10-01,4577,4474,103,0.022503823465151847,968,0.21636119803308002,23.32251236402692,103,82
2020-01-02,4547,4444,103,0.022652298218605673,974,0.21917191719171916,23.00913325804629,103,82
2020-04-01,4542,4441,101,0.022236900044033465,975,0.2195451474893042,22.500078625899366,101,80
2020-07-01,4539,4444,95,0.020929720202687817,979,0.2202970297029703,20.522704304722943,95,76
2020-10-01,4620,4530,90,0.01948051948051948,979,0.21611479028697572,18.62544826553033,90,76
2021-01-04,4778,4691,87,0.01820845542067811,976,0.20805798337241527,16.829069824245998,87,71
2021-04-01,5057,4958,99,0.01957682420407356,970,0.19564340459862847,18.538382410593083,99,71
2021-07-01,5342,5241,101,0.018906776488206663,974,0.1858423964892196,18.02772889791642,101,73
2021-10-01,5529,5428,101,0.018267317778983543,972,0.17907148120854827,17.053422224565033,101,82
2022-01-03,5719,5623,96,0.016786151425074315,970,0.17250577983282944,15.22702895800504,96,76
2022-04-01,5833,5747,86,0.014743699639979428,976,0.16982773621019662,12.567280751363006,86,79
2022-07-01,5842,5759,83,0.01420746319753509,978,0.16982114950512242,11.750045381534997,83,68
2022-10-03,5815,5741,74,0.012725709372312984,978,0.170353596934332,11.004078693070573,74,58
2023-01-03,5647,5583,64,0.011333451390118647,977,0.1749955221207236,10.012059759349045,64,44
2023-04-03,5539,5483,56,0.010110128181982307,975,0.17782236002188584,9.1044466452579,56,37
2023-07-03,5523,5471,52,0.009415172913271772,978,0.17876073843904222,7.768865158437624,52,34
2023-10-02,5454,5410,44,0.008067473414008068,977,0.18059149722735673,6.534857318427119,44,36
2024-01-02,5337,5293,44,0.008244332021735057,982,0.18552805592291707,6.0596790387943855,44,29
2024-04-01,5293,5248,45,0.008501794823351597,981,0.18692835365853658,6.780751594886532,45,29
2024-07-01,5242,5207,35,0.0066768409004196875,987,0.1895525254465143,5.143214041139318,35,25
2024-10-01,5194,5161,33,0.006353484790142472,987,0.19124200736291416,4.322959593160957,33,24
2025-01-02,5157,5125,32,0.006205158037618771,990,0.19317073170731708,4.324296999028722,32,24
2025-04-01,5133,5107,26,0.005065263978180402,990,0.19385157626786764,3.176618715044936,26,16
2025-07-01,5149,5123,26,0.005049524179452321,992,0.19363654108920555,3.395878060577191,26,14
2025-10-01,5228,5206,22,0.004208110175975516,990,0.1901651940069151,2.9902268782673476,22,12
2026-01-02,5228,5200,28,0.005355776587605203,992,0.19076923076923077,3.680566255797161,28,9
2026-04-01,5266,5235,31,0.005886821116597038,995,0.19006685768863418,3.7772954800214102,31,5
2026-07-01,5305,5282,23,0.004335532516493873,997,0.18875425975009466,2.9636583457370747,23,4
