spell,ticker,cause,start_session,start_date,log_ret,stopped_in_window,bench_median,bench_n,excess
7157,PCG,UNRECORDED_SPLIT_LIKE_DISCONTINUITY,762,2019-01-14,0.811725444886467,False,0.11325755854432032,984,0.6984678863421467
5850,MDC,DISPUTED_SPLIT_AMBIGUOUS,787,2019-02-20,0.10959146980484027,False,0.013562428777906286,986,0.09602904102693399
3572,FMC,DISPUTED_SPLIT_AMBIGUOUS,799,2019-03-08,0.007837131396056974,False,0.010122293562250273,989,-0.002285162166193299
5751,MARA,AGREED_SPLIT_TESTABLE_AMBIGUOUS,824,2019-04-12,-0.2261692722307467,False,0.00870539756100502,990,-0.23487466979175173
67,ABTS,DISPUTED_SPLIT_AMBIGUOUS,833,2019-04-26,0.6131044728864088,False,0.009696279022893942,990,0.6034081938635149
6122,MOXC,AGREED_SPLIT_TESTABLE_AMBIGUOUS,833,2019-04-26,0.6131044728864088,False,0.009696279022893942,990,0.6034081938635149
3414,FCEL,AGREED_SPLIT_TESTABLE_AMBIGUOUS,846,2019-05-15,-1.2944533955495772,False,0.005700805405852256,987,-1.3001542009554294
6678,NVAX,AGREED_SPLIT_TESTABLE_AMBIGUOUS,847,2019-05-16,-0.4696926356185984,False,-0.015267472130788308,987,-0.4544251634878101
7275,PHG,DISPUTED_SPLIT_AMBIGUOUS,848,2019-05-17,0.14311736150887772,False,0.008091673302680832,987,0.13502568820619687
218,AEG,DISPUTED_SPLIT_AMBIGUOUS,854,2019-05-28,-0.15451227809552667,False,0.022827537655533692,987,-0.17733981575106036
9691,VFC,DISPUTED_SPLIT_AMBIGUOUS,856,2019-05-30,-0.05439632440006184,False,0.0051326060665180615,986,-0.0595289304665799
2907,DX,AGREED_SPLIT_TESTABLE_AMBIGUOUS,876,2019-06-27,-0.10542789883227312,False,0.018710439392553055,989,-0.12413833822482617
8962,TA,AGREED_SPLIT_TESTABLE_AMBIGUOUS,904,2019-08-07,-0.27304052245883287,False,0.03507267022762161,987,-0.3081131926864545
2759,DMTK,DISPUTED_SPLIT_AMBIGUOUS,925,2019-09-06,0.4585749334221128,False,0.03749867785653077,989,0.42107625556558204
8497,SLS,AGREED_SPLIT_TESTABLE_AMBIGUOUS,974,2019-11-14,-0.7865143545716421,False,0.06075922037643331,991,-0.8472735749480754
9389,TT,DISPUTED_SPLIT_AMBIGUOUS,1050,2020-03-06,-0.2075368332753505,False,0.009386576941326767,986,-0.21692341021667727
4914,IR,DISPUTED_SPLIT_AMBIGUOUS,1050,2020-03-06,0.03743374919969624,False,0.009386576941326767,986,0.028047172258369474
2077,CLR,UNRECORDED_SPLIT_LIKE_DISCONTINUITY,1051,2020-03-09,0.7543556952903291,False,0.13238977157649912,984,0.62196592371383
629,APA,UNRECORDED_SPLIT_LIKE_DISCONTINUITY,1051,2020-03-09,0.2715846144153378,False,0.13238977157649912,984,0.1391948428388387
7042,OVV,UNRECORDED_SPLIT_LIKE_DISCONTINUITY,1051,2020-03-09,1.3783802440639,False,0.13238977157649912,984,1.2459904724874007
10064,WPX,UNRECORDED_SPLIT_LIKE_DISCONTINUITY,1051,2020-03-09,0.617945953678334,False,0.13238977157649912,984,0.48555618210183493
2894,DVN,UNRECORDED_SPLIT_LIKE_DISCONTINUITY,1051,2020-03-09,0.40267348117056856,False,0.13238977157649912,984,0.27028370959406944
3149,EOG,UNRECORDED_SPLIT_LIKE_DISCONTINUITY,1051,2020-03-09,0.38703388043902687,False,0.13238977157649912,984,0.25464410886252775
3248,ET,UNRECORDED_SPLIT_LIKE_DISCONTINUITY,1051,2020-03-09,0.14617165530234247,False,0.13238977157649912,984,0.013781883725843352
2540,CXO,UNRECORDED_SPLIT_LIKE_DISCONTINUITY,1051,2020-03-09,0.2959653111852623,False,0.13238977157649912,984,0.1635755396087632
7621,PXD,UNRECORDED_SPLIT_LIKE_DISCONTINUITY,1051,2020-03-09,0.3586474291283142,False,0.13238977157649912,984,0.2262576575518151
7179,PDCE,UNRECORDED_SPLIT_LIKE_DISCONTINUITY,1051,2020-03-09,0.6590094177103772,False,0.13238977157649912,984,0.5266196461338781
4335,HDS,UNRECORDED_SPLIT_LIKE_DISCONTINUITY,1056,2020-03-16,0.2670237219860859,False,0.32156975302522806,984,-0.05454603103914213
5724,MAC,UNRECORDED_SPLIT_LIKE_DISCONTINUITY,1056,2020-03-16,0.09352605801082355,False,0.32156975302522806,984,-0.22804369501440452
4992,IVR,UNRECORDED_SPLIT_LIKE_DISCONTINUITY,1062,2020-03-24,0.5708898645086408,False,0.27246860444155685,986,0.2984212600670839
753,ARNC,DISPUTED_SPLIT_AMBIGUOUS,1072,2020-04-07,0.5824451794817852,False,0.17849362077145495,987,0.4039515587103303
6194,MSGS,UNRECORDED_SPLIT_LIKE_DISCONTINUITY,1080,2020-04-20,-0.14922058859992302,False,0.16096238466800178,990,-0.31018297326792477
4155,GRPN,AGREED_SPLIT_TESTABLE_AMBIGUOUS,1121,2020-06-17,0.4088669978896543,False,0.03911810910090392,992,0.3697488887887504
4618,IAC,UNRECORDED_SPLIT_LIKE_DISCONTINUITY,1131,2020-07-01,0.07742255264653984,False,0.03558326888554237,991,0.04183928376099747
7445,PPLI,UNRECORDED_SPLIT_LIKE_DISCONTINUITY,1131,2020-07-01,0.07742255264653984,False,0.03558326888554237,991,0.04183928376099747
4888,IPI,AGREED_SPLIT_TESTABLE_AMBIGUOUS,1166,2020-08-20,-0.2039327150485319,False,0.08667192317169156,986,-0.2906046382202234
7679,QRTEA,DISPUTED_SPLIT_AMBIGUOUS,1187,2020-09-21,0.38685326091356537,False,0.17184520153217403,981,0.21500805938139134
6498,NKLA,UNRECORDED_SPLIT_LIKE_DISCONTINUITY,1187,2020-09-21,-0.5149433478838301,False,0.17184520153217403,981,-0.6867885494160042
4818,INO,UNRECORDED_SPLIT_LIKE_DISCONTINUITY,1192,2020-09-28,-0.202549490836668,False,0.15618533710489702,980,-0.358734827941565
3758,FTV,DISPUTED_SPLIT_AMBIGUOUS,1205,2020-10-15,0.05300497013547702,False,0.14150796955608747,983,-0.08850299942061045
6391,NEGG,DISPUTED_SPLIT_AMBIGUOUS,1216,2020-10-30,0.816708400864618,False,0.1835140832146405,981,0.6331943176499776
8346,SGI,UNRECORDED_SPLIT_LIKE_DISCONTINUITY,1233,2020-11-24,0.29620456977965615,False,0.09840335063488874,983,0.1978012191447674
24,AAN,DISPUTED_SPLIT_AMBIGUOUS,1241,2020-12-07,0.28601401535108395,False,0.05449611146872336,986,0.2315179038823606
376,AIV,DISPUTED_SPLIT_AMBIGUOUS,1251,2020-12-21,0.13507978003065216,False,0.07202801919238515,988,0.06305176083826701
7682,QS,UNRECORDED_SPLIT_LIKE_DISCONTINUITY,1259,2021-01-04,-0.11013124053651256,False,0.08294035598669781,988,-0.19307159652321038
4034,GME,UNRECORDED_SPLIT_LIKE_DISCONTINUITY,1279,2021-02-02,0.6717532878722727,False,0.10650706920213152,988,0.5652462186701412
3340,EXPI,AGREED_SPLIT_TESTABLE_AMBIGUOUS,1292,2021-02-22,-0.9150115049212283,False,0.06412276804757319,986,-0.9791342729688015
6803,OCGN,UNRECORDED_SPLIT_LIKE_DISCONTINUITY,1368,2021-06-10,0.10491198458953054,False,0.008814596299188706,986,0.09609738829034183
6046,MMAT,DISPUTED_SPLIT_AMBIGUOUS,1381,2021-06-29,-0.28436845995236554,False,0.003327790092674746,985,-0.2876962500450403
331,AHT,AGREED_SPLIT_TESTABLE_AMBIGUOUS,1398,2021-07-23,-0.21976293517475995,False,0.011969958167655248,981,-0.2317328933424152
8177,SBET,DISPUTED_SPLIT_AMBIGUOUS,1405,2021-08-03,-0.5862634353615975,False,0.007665098538148497,986,-0.593928533899746
4639,IBM,DISPUTED_SPLIT_AMBIGUOUS,1475,2021-11-10,0.13240782037923307,False,-0.07955389139555843,993,0.2119617117747915
3124,ENOV,UNRECORDED_SPLIT_LIKE_DISCONTINUITY,1575,2022-04-05,-0.22955154760954008,False,-0.1751432312211446,982,-0.05440831638839547
592,ANF,UNRECORDED_SPLIT_LIKE_DISCONTINUITY,1609,2022-05-24,0.07466906592720957,False,0.05242693157719709,982,0.022242134350012474
8545,SNAP,UNRECORDED_SPLIT_LIKE_DISCONTINUITY,1609,2022-05-24,-0.10111275234651979,False,0.05242693157719709,982,-0.15353968392371686
6209,MSTR,UNRECORDED_SPLIT_LIKE_DISCONTINUITY,1622,2022-06-13,0.43258871154335393,False,0.062147654752786025,981,0.37044105679056794
8623,SOS,AGREED_SPLIT_TESTABLE_AMBIGUOUS,1641,2022-07-12,-0.26597579386991793,False,0.0007496653630877804,981,-0.2667254592330057
7988,ROOT,AGREED_SPLIT_TESTABLE_AMBIGUOUS,1669,2022-08-19,-0.6280140028190292,False,-0.041946606027251324,982,-0.5860673967917779
8491,SLNO,AGREED_SPLIT_TESTABLE_AMBIGUOUS,1678,2022-09-01,-0.7672551527136673,False,0.01939187803875629,985,-0.7866470307524236
513,AMC,UNRECORDED_SPLIT_LIKE_DISCONTINUITY,1670,2022-08-22,-0.2743865299705364,False,-0.006636921052537775,982,-0.26774960891799865
1071,BBBY,UNRECORDED_SPLIT_LIKE_DISCONTINUITY,1677,2022-08-31,-1.0788713878618725,False,0.03508625120625484,986,-1.1139576390681274
1228,BHVN,UNRECORDED_SPLIT_LIKE_DISCONTINUITY,1700,2022-10-04,0.5488871852883812,False,0.024509210480733148,983,0.524377974807648
2947,EBON,AGREED_SPLIT_TESTABLE_AMBIGUOUS,1739,2022-11-29,0.39941059919945826,False,0.011366914719390166,990,0.3880436844800681
2505,CVNA,UNRECORDED_SPLIT_LIKE_DISCONTINUITY,1745,2022-12-07,0.8409367538115241,False,0.018206392977060417,992,0.8227303608344637
8853,SUM,DISPUTED_SPLIT_AMBIGUOUS,1754,2022-12-20,-0.09595423670698015,False,-0.0027842521917134837,990,-0.09316998451526667
3884,GE,DISPUTED_SPLIT_AMBIGUOUS,1767,2023-01-10,0.21794873443710575,False,-0.017759593715150623,988,0.23570832815225637
7849,RF,UNRECORDED_SPLIT_LIKE_DISCONTINUITY,1809,2023-03-13,-0.00905948109332326,False,0.04676511449612614,990,-0.0558245955894494
10002,WISH,AGREED_SPLIT_TESTABLE_AMBIGUOUS,1834,2023-04-18,0.16769224677799555,False,0.04418320010734606,989,0.12350904667064949
1079,BBIG,AGREED_SPLIT_TESTABLE_AMBIGUOUS,1855,2023-05-17,0.7341453710105302,True,0.07305370366548511,988,0.6610916673450451
615,ANY,AGREED_SPLIT_TESTABLE_AMBIGUOUS,1888,2023-07-06,-0.5346008892596489,False,-0.04230616787798511,987,-0.49229472138166375
5472,LH,DISPUTED_SPLIT_AMBIGUOUS,1890,2023-07-10,-0.04872602711565242,False,-0.08983121654288573,986,0.041105189427233305
7033,OTRK,AGREED_SPLIT_TESTABLE_AMBIGUOUS,1908,2023-08-03,-0.8459099351123555,False,-0.13846996982035076,986,-0.7074399652920047
4674,IDEX,AGREED_SPLIT_TESTABLE_AMBIGUOUS,1928,2023-08-31,-0.5064203302980743,False,-0.02442091037432688,987,-0.48199941992374745
8950,SYRE,DISPUTED_SPLIT_AMBIGUOUS,1937,2023-09-14,0.34056013194088036,False,0.0092877487795756,987,0.33127238316130475
829,ASTR,AGREED_SPLIT_TESTABLE_AMBIGUOUS,1941,2023-09-20,-0.43150208189115985,False,0.07585135757406113,989,-0.5073534394652209
2594,DATS,AGREED_SPLIT_TESTABLE_AMBIGUOUS,1945,2023-09-26,-0.43592431559287304,False,0.09742648339281512,988,-0.5333507989856882
8679,SPRU,AGREED_SPLIT_TESTABLE_AMBIGUOUS,1958,2023-10-13,-0.11034805716886546,False,0.1139411867794424,988,-0.22428924394830785
7457,PRAX,AGREED_SPLIT_TESTABLE_AMBIGUOUS,1994,2023-12-05,1.1296124508662373,False,0.09097177820572679,991,1.0386406726605104
8165,SAVA,DISPUTED_SPLIT_AMBIGUOUS,2010,2023-12-28,-0.14475683685440727,False,0.04328736573549155,988,-0.18804420258989882
4825,INSG,AGREED_SPLIT_TESTABLE_AMBIGUOUS,2031,2024-01-30,0.43712242797885603,False,0.016926421038001297,985,0.42019600694085474
86,ACB,AGREED_SPLIT_TESTABLE_AMBIGUOUS,2049,2024-02-26,0.7918290971916395,False,0.03390023121111493,990,0.7579288659805246
25,AAOI,UNRECORDED_SPLIT_LIKE_DISCONTINUITY,2048,2024-02-23,-0.13201815147825544,False,0.033156324567976604,989,-0.16517447604623203
850,ATER,AGREED_SPLIT_TESTABLE_AMBIGUOUS,2072,2024-03-28,-0.2591087000077249,False,-0.043266161262034,988,-0.2158425387456909
6052,MMM,DISPUTED_SPLIT_AMBIGUOUS,2077,2024-04-05,0.11005124364838847,False,-0.025866659626334984,992,0.13591790327472347
4156,GRRR,AGREED_SPLIT_TESTABLE_AMBIGUOUS,2087,2024-04-19,-0.5512351621038672,False,0.06268219983227932,985,-0.6139173619361465
7712,QXO,DISPUTED_SPLIT_AMBIGUOUS,2124,2024-06-12,-2.489098122099327,False,0.0352493905241889,987,-2.5243475126235158
9451,TWOU,AGREED_SPLIT_TESTABLE_AMBIGUOUS,2130,2024-06-21,-1.3293220803656354,True,0.0635693592289733,984,-1.3928914395946086
10006,WKHS,AGREED_SPLIT_TESTABLE_AMBIGUOUS,2131,2024-06-24,-0.8772885740708859,False,0.05622422709319289,984,-0.9335128011640788
8636,SPCE,AGREED_SPLIT_TESTABLE_AMBIGUOUS,2131,2024-06-24,-0.2937335281351362,False,0.05622422709319289,984,-0.3499577552283291
6751,NYCB,AGREED_SPLIT_TESTABLE_AMBIGUOUS,2148,2024-07-18,0.06035937686116503,False,0.048608642184006116,987,0.011750734677158911
4921,IREN,UNRECORDED_SPLIT_LIKE_DISCONTINUITY,2160,2024-08-05,0.23027794542808383,False,0.08974237550086146,989,0.14053556992722238
6984,ORKA,DISPUTED_SPLIT_AMBIGUOUS,2184,2024-09-09,-0.29629044698838114,False,0.08887169265243802,990,-0.38516213964081913
8428,SIRI,AGREED_SPLIT_TESTABLE_AMBIGUOUS,2189,2024-09-16,0.06469713799887601,False,0.04624818884376607,990,0.018448949155109945
9485,UAVS,AGREED_SPLIT_TESTABLE_AMBIGUOUS,2214,2024-10-21,0.45249004675302723,False,-0.004392853000735216,989,0.45688289975376245
2781,DNMR,AGREED_SPLIT_TESTABLE_AMBIGUOUS,2235,2024-11-19,-0.39491734297517866,True,0.00372512929541427,989,-0.3986424722705929
7642,QBTS,UNRECORDED_SPLIT_LIKE_DISCONTINUITY,2268,2025-01-08,0.07878087785311438,False,-0.16857891669169656,990,0.24735979454481094
7700,QUBT,UNRECORDED_SPLIT_LIKE_DISCONTINUITY,2268,2025-01-08,-0.3810432614177131,False,-0.16857891669169656,990,-0.21246434472601655
7869,RGTI,UNRECORDED_SPLIT_LIKE_DISCONTINUITY,2268,2025-01-08,-0.18671365808483176,False,-0.16857891669169656,990,-0.0181347413931352
5414,LEN,DISPUTED_SPLIT_AMBIGUOUS,2279,2025-01-27,-0.24780668748514778,False,-0.13563852615944144,990,-0.11216816132570634
7654,QGEN,DISPUTED_SPLIT_AMBIGUOUS,2285,2025-02-04,-0.02711713608942456,False,-0.10163554701913263,992,0.07451841092970807
4170,GSAT,AGREED_SPLIT_TESTABLE_AMBIGUOUS,2294,2025-02-18,-0.17775595197857966,False,-0.045116863284205805,989,-0.13263908869437385
8302,SERV,UNRECORDED_SPLIT_LIKE_DISCONTINUITY,2293,2025-02-14,-0.44223395589525333,False,-0.03482580567108248,989,-0.4074081502241709
8626,SOUN,UNRECORDED_SPLIT_LIKE_DISCONTINUITY,2293,2025-02-14,0.026548240841692737,False,-0.03482580567108248,989,0.06137404651277522
5674,LUNR,UNRECORDED_SPLIT_LIKE_DISCONTINUITY,2307,2025-03-07,0.22928202688131946,False,0.009242651951198414,990,0.22003937493012105
10046,WOLF,UNRECORDED_SPLIT_LIKE_DISCONTINUITY,2322,2025-03-28,-1.4963850511531185,False,0.03646884934189541,986,-1.532853900495014
5907,METC,DISPUTED_SPLIT_AMBIGUOUS,2369,2025-06-05,0.9078099694917469,False,0.05678430637962061,984,0.8510256631121262
6501,NKTR,AGREED_SPLIT_TESTABLE_AMBIGUOUS,2375,2025-06-13,1.7243452611905614,False,0.05512105025731509,985,1.6692242109332462
3201,ERNA,AGREED_SPLIT_TESTABLE_AMBIGUOUS,2378,2025-06-18,-0.8014694077120997,False,0.0642567383902033,985,-0.865726146102303
3143,ENVX,DISPUTED_SPLIT_AMBIGUOUS,2401,2025-07-23,-0.23506182003474868,False,-0.0048403914160088535,990,-0.23022142861873982
1959,CHPT,AGREED_SPLIT_TESTABLE_AMBIGUOUS,2408,2025-08-01,0.15052748745783792,False,0.0462820386286946,993,0.10424544882914333
1070,BBAI,UNRECORDED_SPLIT_LIKE_DISCONTINUITY,2415,2025-08-12,0.026447822543609355,False,-0.0008591311848924523,991,0.027306953728501806
4460,HON,DISPUTED_SPLIT_AMBIGUOUS,2475,2025-11-05,0.1585705205733229,False,0.04861359730785674,985,0.10995692326546616
6940,OPEN,DISPUTED_SPLIT_AMBIGUOUS,2488,2025-11-24,-0.475480237014188,False,0.06412257227652565,984,-0.5396028092907137
884,ATOS,AGREED_SPLIT_TESTABLE_AMBIGUOUS,2538,2026-02-06,0.043963123421116204,False,-0.015415977896867718,983,0.05937910131798392
3152,EOSE,UNRECORDED_SPLIT_LIKE_DISCONTINUITY,2551,2026-02-26,0.17885363159432136,False,-0.026934027814622917,983,0.20578765940894428
7945,RNA,UNRECORDED_SPLIT_LIKE_DISCONTINUITY,2552,2026-02-27,-0.12168895893754379,False,-0.016851238442152562,984,-0.10483772049539122
3761,FUBO,AGREED_SPLIT_TESTABLE_AMBIGUOUS,2573,2026-03-30,-0.06808599150394348,False,0.08139623521909782,983,-0.1494822267230413
3455,FER,DISPUTED_SPLIT_AMBIGUOUS,2612,2026-05-26,-0.09421567812531763,False,0.03703340215188461,985,-0.13124908027720222
1806,CDLX,AGREED_SPLIT_TESTABLE_AMBIGUOUS,2625,2026-06-12,-0.2366352656178571,False,-0.0040538645981225835,984,-0.2325814010197345
